time,0-1,1-2,2-3,3-4,4-19,0-5,5-6,6-7,7-4,7-8,8-9,9-19,0-10,10-11,11-12,12-7,11-14,14-15,15-16,16-19,10-17,17-18,18-15,6-13,13-14
0.01,,,,,,,,,,,,,,,,,,,,,,,,,
0.02,,,,,,,,,,,,,0,,,,,,,,,,,,
0.03,,,,,,,,,,,,,0,,,,,,,,,,,,
0.04,,,,,,,,,,,,,0,,,,,,,,,,,,
0.05,,,,,,,,,,,,,0-1-2,,,,,,,,,,,,
0.06,,,,,,,,,,,,,0-1-2,,,,,,,,,,,,
0.07,,,,,,,,,,,,,0-1-2-3,,,,,,,,,,,,
0.08,,,,,,,,,,,,,0-1-2-3-4,,,,,,,,,,,,
0.09,,,,,,,,,,,,,0-1-2-3-4,,,,,,,,,,,,
0.1,,,,,,,,,,,,,0-1-2-3-4,,,,,,,,,,,,
0.11,,,,,,,,,,,,,0-1-2-3-4,,,,,,,,,,,,
0.12,,,,,,,,,,,,,0-1-2-3-4,,,,,,,,,,,,
0.13,,,,,,,,,,,,,0-1-2-3-4,,,,,,,,,,,,
0.14,,,,,,,,,,,,,0-1-2-3-4,,,,,,,,,,,,
0.15,,,,,,,,,,,,,0-1-2-3-4,,,,,,,,,,,,
0.16,,,,,,,,,,,,,0-1-2-3-4,,,,,,,,,,,,
0.17,,,,,,,,,,,,,0-1-2-3-4,,,,,,,,,,,,
0.18,,,,,,,,,,,,,0-1-2-3-4,,,,,,,,,,,,
0.19,,,,,,,,,,,,,0-1-2-3-4,,,,,,,,,,,,
0.2,,,,,,,,,,,,,0-1-2-3-4-5,,,,,,,,,,,,
0.21,,,,,,,,,,,,,0-1-2-3-4-5,,,,,,,,,,,,
0.22,,,,,,,,,,,,,0-1-2-3-4-5-6-7,,,,,,,,,,,,
0.23,,,,,,,,,,,,,0-1-2-3-4-5-6-7-8,,,,,,,,,,,,
0.24,,,,,,,,,,,,,0-1-2-3-4-5-6-7-8-9,,,,,,,,,,,,
0.25,,,,,,,,,,,,,0-1-2-3-4-5-6-7-8-9,,,,,,,,,,,,
0.26,,,,,,,,,,,,,0-1-2-3-4-5-6-7-8-9,,,,,,,,,,,,
0.27,,,,,,,,,,,,,0-1-2-3-4-5-6-7-8-9-10-11,,,,,,,,,,,,
0.28,,,,,,,,,,,,,0-1-2-3-4-5-6-7-8-9-10-11-12-13,,,,,,,,,,,,
0.29,,,,,,,,,,,,,0-1-2-3-4-5-6-7-8-9-10-11-12-13-14,,,,,,,,,,,,
0.3,,,,,,,,,,,,,0-1-2-3-4-5-6-7-8-9-10-11-12-13-14,,,,,,,,,,,,
0.31,,,,,,,,,,,,,0-1-2-3-4-5-6-7-8-9-10-11-12-13-14-15,,,,,,,,,,,,
0.32,,,,,,,,,,,,,0-1-2-3-4-5-6-7-8-9-10-11-12-13-14-15,,,,,,,,,,,,
0.33,,,,,,,,,,,,,0-1-2-3-4-5-6-7-8-9-10-11-12-13-14-15-16-17,,,,,,,,,,,,
0.34,,,,,,,,,,,,,0-1-2-3-4-5-6-7-8-9-10-11-12-13-14-15-16-17,,,,,,,,,,,,
0.35,,,,,,,,,,,,,0-1-2-3-4-5-6-7-8-9-10-11-12-13-14-15-16-17,,,,,,,,,,,,
0.36,,,,,,,,,,,,,0-1-2-3-4-5-6-7-8-9-10-11-12-13-14-15-16-17,,,,,,,,,,,,
0.37,,,,,,,,,,,,,0-1-2-3-4-5-6-7-8-9-10-11-12-13-14-15-16-17-18,,,,,,,,,,,,
0.38,,,,,,,,,,,,,0-1-2-3-4-5-6-7-8-9-10-11-12-13-14-15-16-17-18,,,,,,,,,,,,
0.39,,,,,,,,,,,,,0-1-2-3-4-5-6-7-8-9-10-11-12-13-14-15-16-17-18,,,,,,,,,,,,
0.4,,,,,,,,,,,,,0-1-2-3-4-5-6-7-8-9-10-11-12-13-14-15-16-17-18-19-20,,,,,,,,,,,,
0.41,,,,,,,,,,,,,0-1-2-3-4-5-6-7-8-9-10-11-12-13-14-15-16-17-18-19-20-21-22,,,,,,,,,,,,
0.42,,,,,,,,,,,,,0-1-2-3-4-5-6-7-8-9-10-11-12-13-14-15-16-17-18-19-20-21-22,,,,,,,,,,,,
0.43,,,,,,,,,,,,,0-1-2-3-4-5-6-7-8-9-10-11-12-13-14-15-16-17-18-19-20-21-22-23,,,,,,,,,,,,
0.44,,,,,,,,,,,,,0-1-2-3-4-5-6-7-8-9-10-11-12-13-14-15-16-17-18-19-20-21-22-23,,,,,,,,,,,,
0.45,,,,,,,,,,,,,0-1-2-3-4-5-6-7-8-9-10-11-12-13-14-15-16-17-18-19-20-21-22-23-24,,,,,,,,,,,,
0.46,,,,,,,,,,,,,0-1-2-3-4-5-6-7-8-9-10-11-12-13-14-15-16-17-18-19-20-21-22-23-24-25,,,,,,,,,,,,
0.47,,,,,,,,,,,,,0-1-2-3-4-5-6-7-8-9-10-11-12-13-14-15-16-17-18-19-20-21-22-23-24-25-26,,,,,,,,,,,,
0.48,,,,,,,,,,,,,0-1-2-3-4-5-6-7-8-9-10-11-12-13-14-15-16-17-18-19-20-21-22-23-24-25-26-27,,,,,,,,,,,,
0.49,,,,,,,,,,,,,0-1-2-3-4-5-6-7-8-9-10-11-12-13-14-15-16-17-18-19-20-21-22-23-24-25-26-27-28,,,,,,,,,,,,
0.5,,,,,,,,,,,,,0-1-2-3-4-5-6-7-8-9-10-11-12-13-14-15-16-17-18-19-20-21-22-23-24-25-26-27-28-29,,,,,,,,,,,,
0.51,,,,,,,,,,,,,0-1-2-3-4-5-6-7-8-9-10-11-12-13-14-15-16-17-18-19-20-21-22-23-24-25-26-27-28-29,,,,,,,,,,,,
0.52,,,,,,,,,,,,,0-1-2-3-4-5-6-7-8-9-10-11-12-13-14-15-16-17-18-19-20-21-22-23-24-25-26-27-28-29,,,,,,,,,,,,
0.53,,,,,,,,,,,,,0-1-2-3-4-5-6-7-8-9-10-11-12-13-14-15-16-17-18-19-20-21-22-23-24-25-26-27-28-29,,,,,,,,,,,,
0.54,,,,,,,,,,,,,0-1-2-3-4-5-6-7-8-9-10-11-12-13-14-15-16-17-18-19-20-21-22-23-24-25-26-27-28-29,,,,,,,,,,,,
0.55,,,,,,,,,,,,,0-1-2-3-4-5-6-7-8-9-10-11-12-13-14-15-16-17-18-19-20-21-22-23-24-25-26-27-28-29,,,,,,,,,,,,
0.56,,,,,,,,,,,,,0-1-2-3-4-5-6-7-8-9-10-11-12-13-14-15-16-17-18-19-20-21-22-23-24-25-26-27-28-29,,,,,,,,,,,,
0.57,,,,,,,,,,,,,0-1-2-3-4-5-6-7-8-9-10-11-12-13-14-15-16-17-18-19-20-21-22-23-24-25-26-27-28-29,,,,,,,,,,,,
0.58,,,,,,,,,,,,,0-1-2-3-4-5-6-7-8-9-10-11-12-13-14-15-16-17-18-19-20-21-22-23-24-25-26-27-28-29,,,,,,,,,,,,
0.59,,,,,,,,,,,,,0-1-2-3-4-5-6-7-8-9-10-11-12-13-14-15-16-17-18-19-20-21-22-23-24-25-26-27-28-29,,,,,,,,,,,,
0.6,,,,,,,,,,,,,0-1-2-3-4-5-6-7-8-9-10-11-12-13-14-15-16-17-18-19-20-21-22-23-24-25-26-27-28-29,,,,,,,,,,,,
0.61,,,,,,,,,,,,,0-1-2-3-4-5-6-7-8-9-10-11-12-13-14-15-16-17-18-19-20-21-22-23-24-25-26-27-28-29,,,,,,,,,,,,
0.62,,,,,,,,,,,,,0-1-2-3-4-5-6-7-8-9-10-11-12-13-14-15-16-17-18-19-20-21-22-23-24-25-26-27-28-29,,,,,,,,,,,,
0.63,,,,,,,,,,,,,0-1-2-3-4-5-6-7-8-9-10-11-12-13-14-15-16-17-18-19-20-21-22-23-24-25-26-27-28-29,,,,,,,,,,,,
0.64,,,,,,,,,,,,,0-1-2-3-4-5-6-7-8-9-10-11-12-13-14-15-16-17-18-19-20-21-22-23-24-25-26-27-28-29,,,,,,,,,,,,
0.65,,,,,,,,,,,,,0-1-2-3-4-5-6-7-8-9-10-11-12-13-14-15-16-17-18-19-20-21-22-23-24-25-26-27-28-29,,,,,,,,,,,,
0.66,,,,,,,,,,,,,0-1-2-3-4-5-6-7-8-9-10-11-12-13-14-15-16-17-18-19-20-21-22-23-24-25-26-27-28-29,,,,,,,,,,,,
0.67,,,,,,,,,,,,,0-1-2-3-4-5-6-7-8-9-10-11-12-13-14-15-16-17-18-19-20-21-22-23-24-25-26-27-28-29,,,,,,,,,,,,
0.68,,,,,,,,,,,,,0-1-2-3-4-5-6-7-8-9-10-11-12-13-14-15-16-17-18-19-20-21-22-23-24-25-26-27-28-29,,,,,,,,,,,,
0.69,,,,,,,,,,,,,0-1-2-3-4-5-6-7-8-9-10-11-12-13-14-15-16-17-18-19-20-21-22-23-24-25-26-27-28-29,,,,,,,,,,,,
0.7,,,,,,,,,,,,,1-2-3-4-5-6-7-8-9-10-11-12-13-14-15-16-17-18-19-20-21-22-23-24-25-26-27-28-29,0,,,,,,,,,,,
0.71,,,,,,,,,,,,,1-2-3-4-5-6-7-8-9-10-11-12-13-14-15-16-17-18-19-20-21-22-23-24-25-26-27-28-29,0,,,,,,,,,,,
0.72,,,,,,,,,,,,,1-2-3-4-5-6-7-8-9-10-11-12-13-14-15-16-17-18-19-20-21-22-23-24-25-26-27-28-29,0,,,,,,,,,,,
0.73,,,,,,,,,,,,,3-4-5-6-7-8-9-10-11-12-13-14-15-16-17-18-19-20-21-22-23-24-25-26-27-28-29,0-1-2,,,,,,,,,,,
0.74,,,,,,,,,,,,,3-4-5-6-7-8-9-10-11-12-13-14-15-16-17-18-19-20-21-22-23-24-25-26-27-28-29,0-1-2,,,,,,,,,,,
0.75,,,,,,,,,,,,,4-5-6-7-8-9-10-11-12-13-14-15-16-17-18-19-20-21-22-23-24-25-26-27-28-29,0-1-2-3,,,,,,,,,,,
0.76,,,,,,,,,,,,,5-6-7-8-9-10-11-12-13-14-15-16-17-18-19-20-21-22-23-24-25-26-27-28-29,0-1-2-3,,,,,,,,,,,
0.77,,,,,,,,,,,,,5-6-7-8-9-10-11-12-13-14-15-16-17-18-19-20-21-22-23-24-25-26-27-28-29,0-1-2-3,,,,,,,,,,,
0.78,,,,,,,,,,,,,5-6-7-8-9-10-11-12-13-14-15-16-17-18-19-20-21-22-23-24-25-26-27-28-29,0-1-2-3,,,,,,,,,,,
0.79,,,,,,,,,,,,,5-6-7-8-9-10-11-12-13-14-15-16-17-18-19-20-21-22-23-24-25-26-27-28-29,0-1-2-3,,,,,,,,,,,
0.8,,,,,,,,,,,,,5-6-7-8-9-10-11-12-13-14-15-16-17-18-19-20-21-22-23-24-25-26-27-28-29,0-1-2-3,,,,,,,,,,,
0.81,,,,,,,,,,,,,5-6-7-8-9-10-11-12-13-14-15-16-17-18-19-20-21-22-23-24-25-26-27-28-29,0-1-2-3,,,,,,,,,,,
0.82,,,,,,,,,,,,,5-6-7-8-9-10-11-12-13-14-15-16-17-18-19-20-21-22-23-24-25-26-27-28-29,0-1-2-3,,,,,,,,,,,
0.83,,,,,,,,,,,,,5-6-7-8-9-10-11-12-13-14-15-16-17-18-19-20-21-22-23-24-25-26-27-28-29,0-1-2-3,,,,,,,,,,,
0.84,,,,,,,,,,,,,5-6-7-8-9-10-11-12-13-14-15-16-17-18-19-20-21-22-23-24-25-26-27-28-29,0-1-2-3,,,,,,,,,,,
0.85,,,,,,,,,,,,,5-6-7-8-9-10-11-12-13-14-15-16-17-18-19-20-21-22-23-24-25-26-27-28-29,0-1-2-3,,,,,,,,,,,
0.86,,,,,,,,,,,,,5-6-7-8-9-10-11-12-13-14-15-16-17-18-19-20-21-22-23-24-25-26-27-28-29,0-1-2-3,,,,,,,,,,,
0.87,,,,,,,,,,,,,5-6-7-8-9-10-11-12-13-14-15-16-17-18-19-20-21-22-23-24-25-26-27-28-29,0-1-2-3,,,,,,,,,,,
0.88,,,,,,,,,,,,,6-7-8-9-10-11-12-13-14-15-16-17-18-19-20-21-22-23-24-25-26-27-28-29,0-1-2-3-5,,,,,,,,,,,
0.89,,,,,,,,,,,,,6-7-8-9-10-11-12-13-14-15-16-17-18-19-20-21-22-23-24-25-26-27-28-29,0-1-2-3-5,,,,,,,,,,,
0.9,,,,,,,,,,,,,8-9-10-11-12-13-14-15-16-17-18-19-20-21-22-23-24-25-26-27-28-29,0-1-2-3-5-6-7,,,,,,,,,,,
0.91,,,,,,,,,,,,,9-10-11-12-13-14-15-16-17-18-19-20-21-22-23-24-25-26-27-28-29,0-1-2-3-5-6-7,,,,,,,,,,,
0.92,,,,,,,,,,,,,10-11-12-13-14-15-16-17-18-19-20-21-22-23-24-25-26-27-28-29,0-1-2-3-5-6-7,,,,,,,,,,,
0.93,,,,,,,,,,,,,10-11-12-13-14-15-16-17-18-19-20-21-22-23-24-25-26-27-28-29,0-1-2-3-5-6-7,,,,,,,,,,,
0.94,,,,,,,,,,,,,10-11-12-13-14-15-16-17-18-19-20-21-22-23-24-25-26-27-28-29,0-1-2-3-5-6-7,,,,,,,,,,,
0.95,,,,,,,,,,,,,12-13-14-15-16-17-18-19-20-21-22-23-24-25-26-27-28-29,0-1-2-3-5-6-7-11,,,,,,,,,,,
0.96,,,,,,,,,,,,,14-15-16-17-18-19-20-21-22-23-24-25-26-27-28-29,0-1-2-3-5-6-7-11-12-13,,,,,,,,,,,
0.97,,,,,,,,,,,,,15-16-17-18-19-20-21-22-23-24-25-26-27-28-29,0-1-2-3-5-6-7-11-12-13-14,,,,,,,,,,,
0.98,,,,,,,,,,,,,15-16-17-18-19-20-21-22-23-24-25-26-27-28-29,0-1-2-3-5-6-7-11-12-13-14,,,,,,,,,,,
0.99,,,,,,,,,,,,,16-17-18-19-20-21-22-23-24-25-26-27-28-29,0-1-2-3-5-6-7-11-12-13-14-15,,,,,,,,,,,
1.0,,,,,,,,,,,,,16-17-18-19-20-21-22-23-24-25-26-27-28-29,0-1-2-3-5-6-7-11-12-13-14-15,,,,,,,,,,,
1.01,,,,,,,,,,,,,18-19-20-21-22-23-24-25-26-27-28-29,0-1-2-3-5-6-7-11-12-13-14-15-16,,,,,,,,,,,
1.02,,,,,,,,,,,,,18-19-20-21-22-23-24-25-26-27-28-29,0-1-2-3-5-6-7-11-12-13-14-15-16,,,,,,,,,,,
1.03,,,,,,,,,,,,,18-19-20-21-22-23-24-25-26-27-28-29,0-1-2-3-5-6-7-11-12-13-14-15-16,,,,,,,,,,,
1.04,,,,,,,,,,,,,18-19-20-21-22-23-24-25-26-27-28-29,0-1-2-3-5-6-7-11-12-13-14-15-16,,,,,,,,,,,
1.05,,,,,,,,,,,,,19-20-21-22-23-24-25-26-27-28-29,0-1-2-3-5-6-7-11-12-13-14-15-16-18,,,,,,,,,,,
1.06,,,,,,,,,,,,,19-20-21-22-23-24-25-26-27-28-29,0-1-2-3-5-6-7-11-12-13-14-15-16-18,,,,,,,,,,,
1.07,,,,,,,,,,,,,19-20-21-22-23-24-25-26-27-28-29,0-1-2-3-5-6-7-11-12-13-14-15-16-18,,,,,,,,,,,
1.08,,,,,,,,,,,,,21-22-23-24-25-26-27-28-29,0-1-2-3-5-6-7-11-12-13-14-15-16-18-19-20,,,,,,,,,,,
1.09,,,,,,,,,,,,,23-24-25-26-27-28-29,0-1-2-3-5-6-7-11-12-13-14-15-16-18-19-20-22,,,,,,,,,,,
1.1,,,,,,,,,,,,,23-24-25-26-27-28-29,0-1-2-3-5-6-7-11-12-13-14-15-16-18-19-20-22,,,,,,,,,,,
1.11,,,,,,,,,,,,,24-25-26-27-28-29,0-1-2-3-5-6-7-8-11-12-13-14-15-16-18-19-20-22-23,,,,,,,,,,,
1.12,,,,,,,,,,,,,24-25-26-27-28-29,0-1-2-3-5-6-7-8-11-12-13-14-15-16-18-19-20-22-23,,,,,,,,,,,
1.13,,,,,,,,,,,,,25-26-27-28-29,0-1-2-3-5-6-7-8-11-12-13-14-15-16-18-19-20-22-23,,,,,,,,,,,
1.14,,,,,,,,,,,,,26-27-28-29,0-1-2-3-5-6-7-8-11-12-13-14-15-16-18-19-20-22-23,,,,,,,,,,,
1.15,,,,,,,,,,,,,27-28-29,0-1-2-3-5-6-7-8-11-12-13-14-15-16-18-19-20-22-23-26,,,,,,,,,,,
1.16,,,,,,,,,,,,,28-29,0-1-2-3-5-6-7-8-11-12-13-14-15-16-18-19-20-22-23-26,,,,,,,,,,,
1.17,,,,,,,,,,,,,29,0-1-2-3-5-6-7-8-11-12-13-14-15-16-18-19-20-22-23-26-28,,,,,,,,,,,
1.18,,,,,,,,,,,,,,0-1-2-3-5-6-7-8-11-12-13-14-15-16-18-19-20-22-23-26-28-29,,,,,,,,,,,
1.19,,,,,,,,,,,,,,0-1-2-3-5-6-7-8-11-12-13-14-15-16-18-19-20-22-23-26-28-29,,,,,,,,,,,
1.2,,,,,,,,,,,,,,0-1-2-3-5-6-7-8-11-12-13-14-15-16-18-19-20-22-23-26-28-29,,,,,,,,,,,
1.21,,,,,,,,,,,,,,0-1-2-3-5-6-7-8-11-12-13-14-15-16-18-19-20-22-23-26-28-29,,,,,,,,,,,
1.22,,,,,,,,,,,,,,0-1-2-3-5-6-7-8-11-12-13-14-15-16-18-19-20-22-23-26-28-29,,,,,,,,,,,
1.23,,,,,,,,,,,,,,0-1-2-3-5-6-7-8-11-12-13-14-15-16-18-19-20-22-23-26-28-29,,,,,,,,,,,
1.24,,,,,,,,,,,,,,0-1-2-3-5-6-7-8-11-12-13-14-15-16-18-19-20-22-23-26-28-29,,,,,,,,,,,
1.25,,,,,,,,,,,,,,0-1-2-3-5-6-7-8-11-12-13-14-15-16-18-19-20-22-23-26-28-29,,,,,,,,,,,
1.26,,,,,,,,,,,,,,0-1-2-3-5-6-7-8-11-12-13-14-15-16-18-19-20-22-23-26-28-29,,,,,,,,,,,
1.27,,,,,,,,,,,,,,0-1-2-3-5-6-7-8-11-12-13-14-15-16-18-19-20-22-23-26-28-29,,,,,,,,,,,
1.28,,,,,,,,,,,,,,1-2-3-5-6-7-8-11-12-13-14-15-16-18-19-20-22-23-26-28-29,,,,,,,,,,,
1.29,,,,,,,,,,,,,,1-2-3-5-6-7-8-11-12-13-14-15-16-18-19-20-22-23-26-28-29,,,,,,,,,,,
1.3,,,,,,,,,,,,,,1-2-3-5-6-7-8-11-12-13-14-15-16-18-19-20-22-23-26-28-29,,,,,,,,,,,
1.31,,,,,,,,,,,,,,3-5-6-7-8-11-12-13-14-15-16-18-19-20-22-23-26-28-29,,,,,,,,,,,
1.32,,,,,,,,,,,,,,3-5-6-7-8-11-12-13-14-15-16-18-19-20-22-23-26-28-29,,,,,,,,,,,
1.33,,,,,,,,,,,,,,5-6-7-8-11-12-13-14-15-16-18-19-20-22-23-26-28-29,,,3,,,,,,,,
1.34,,,,,,,,,,,,,,5-6-7-8-11-12-13-14-15-16-18-19-20-22-23-26-28-29,,,3,,,,,,,,
1.35,,,,,,,,,,,,,,5-6-7-8-11-12-13-14-15-16-18-19-20-22-23-26-28-29,,,3,,,,,,,,
1.36,,,,,,,,,,,,,,5-6-7-8-11-12-13-14-15-16-18-19-20-22-23-26-28-29,,,3,,,,,,,,
1.37,,,,,,,,,,,,,,5-6-7-8-11-12-13-14-15-16-18-19-20-22-23-26-28-29,,,3,,,,,,,,
1.38,,,,,,,,,,,,,,5-6-7-8-11-12-13-14-15-16-18-19-20-22-23-26-28-29,,,3,,,,,,,,
1.39,,,,,,,,,,,,,,5-6-7-8-11-12-13-14-15-16-18-19-20-22-23-26-28-29,,,3,,,,,,,,
1.4,,,,,,,,,,,,,,5-6-7-8-11-12-13-14-15-16-18-19-20-22-23-26-28-29,,,3,,,,,,,,
1.41,,,,,,,,,,,,,,5-6-7-8-11-12-13-14-15-16-18-19-20-22-23-26-28-29,,,3,,,,,,,,
1.42,,,,,,,,,,,,,,5-6-7-8-11-12-13-14-15-16-18-19-20-22-23-26-28-29,,,3,,,,,,,,
1.43,,,,,,,,,,,,,,5-6-7-8-11-12-13-14-15-16-18-19-20-22-23-26-28-29,,,3,,,,,,,,
1.44,,,,,,,,,,,,,,5-6-7-8-11-12-13-14-15-16-18-19-20-22-23-26-28-29,,,3,,,,,,,,
1.45,,,,,,,,,,,,,,5-6-7-8-11-12-13-14-15-16-18-19-20-22-23-26-28-29,,,3,,,,,,,,
1.46,,,,,,,,,,,,,,6-7-8-11-12-13-14-15-16-18-19-20-22-23-26-28-29,,,3-5,,,,,,,,
1.47,,,,,,,,,,,,,,6-7-8-11-12-13-14-15-16-18-19-20-22-23-26-28-29,,,1-3-5,,,,,,,,
1.48,,,,,,,,,,,,,,8-11-12-13-14-15-16-18-19-20-22-23-26-28-29,,,1-3-5-6-7,,,,,,,,
1.49,,,,,,,,,,,,,,8-11-12-13-14-15-16-18-19-20-22-23-26-28-29,,,1-3-5-6-7,,,,,,,,
1.5,,,,,,,,,,,,,,8-11-12-13-14-15-16-18-19-20-22-23-26-28-29,,,1-3-5-6-7,,,,,,,,
1.51,,,,,,,,,,,,,,8-11-12-13-14-15-16-18-19-20-22-23-26-28-29,,,1-3-5-6-7,,,,,,,,
1.52,,,,,,,,,,,,,,8-11-12-13-14-15-16-18-19-20-22-23-26-28-29,,,1-3-5-6-7,,,,,,,,
1.53,,,,,,,,,,,,,,8-12-13-14-15-16-18-19-20-22-23-26-28-29,,,1-3-5-6-7,,,,,,,,
1.54,,,,,,,,,,,,,,8-14-15-16-18-19-20-22-23-26-28-29,,,1-3-5-6-7-12,,,,,,,,
1.55,,,,,,,,,,,,,,8-15-16-18-19-20-22-23-26-28-29,,,1-3-5-6-7-12-14,,,,,,,,
1.56,,,,,,,,,,,,,,8-9-15-16-18-19-20-22-23-26-28-29,,,1-3-5-6-7-12-14,,,,,,,,
1.57,,,,,,,,,,,,,,8-9-16-18-19-20-22-23-26-28-29,,,1-3-5-6-7-12-14-15,,,,,,,,
1.58,,,,,,,,,,,,,,8-9-16-18-19-20-22-23-26-28-29,,,1-3-5-6-7-12-14-15,,,,,,,,
1.59,,,,,,,,,,,,,,8-9-18-19-20-22-23-26-28-29,,,1-3-5-6-7-12-14-15-16,,,,,,,,
1.6,,,,,,,,,,,,,,8-9-18-19-20-22-23-26-28-29,,,1-3-5-6-7-12-14-15-16,,,,,,,,
1.61,,,,,,,,,,,,,,8-9-18-19-20-22-23-26-28-29,,,1-3-5-6-7-12-14-15-16,,,,,,,,
1.62,,,,,,,,,,,,,,8-9-18-19-20-22-23-26-28-29,,,1-3-5-6-7-12-14-15-16,,,,,,,,
1.63,,,,,,,,,,,,,,8-9-19-20-22-23-26-28-29,,,1-3-5-6-7-12-14-15-16-18,,,,,,,,
1.64,,,,,,,,,,,,,,8-9-19-20-22-23-26-28-29,,,1-3-5-6-7-12-14-15-16-18,,,,,,,,
1.65,,,,,,,,,,,,,,8-9-19-20-22-23-26-28-29,,,1-3-5-6-7-12-14-15-16-18,,,,,,,,
1.66,,,,,,,,,,,,,,8-9-22-23-26-28-29,,,1-3-5-6-7-12-14-15-16-18-19,,,,,,,,
1.67,,,,,,,,,,,,,,8-9-23-26-28-29,,,1-3-5-6-7-12-14-15-16-18-19-22,,,,,,,,
1.68,,,,,,,,,,,,,,8-9-23-26-28-29,,,1-3-5-6-7-12-14-15-16-18-19-22,,,,,,,,
1.69,,,,,,,,,,,,,,9-26-28-29,,,1-3-5-6-7-8-12-14-15-16-18-19-22,,,,,,,,
1.7,,,,,,,,,,,,,,9-26-28-29,,,1-3-5-6-7-8-12-14-15-16-18-19-22,,,,,,,,
1.71,,,,,,,,,,,,,,9-26-28-29,,,1-3-5-6-7-8-12-14-15-16-18-19-22,,,,,,,,
1.72,,,,,,,,,,,,,,9-26-28-29,,,1-3-5-6-7-8-12-14-15-16-18-19-22,,,,,,,,
1.73,,,,,,,,,,,,,,9-28-29,,,1-3-5-6-7-8-12-14-15-16-18-19-22-26,,,,,,,,
1.74,,,,,,,,,,,,,,9-28-29,,,1-3-5-6-7-8-12-14-15-16-18-19-22-26,,,,,,,,
1.75,,,,,,,,,,,,,,9-29,,,1-3-5-6-7-8-12-14-15-16-18-19-22-26-28,,,,,,,,
1.76,,,,,,,,,,,,,,9,,,1-3-5-6-7-8-12-14-15-16-18-19-22-26-28,,,,,,,,
1.77,,,,,,,,,,,,,,9,,,1-3-5-6-7-8-12-14-15-16-18-19-22-26-28,,,,,,,,
1.78,,,,,,,,,,,,,,9,,,1-3-5-6-7-8-12-14-15-16-18-19-22-26-28,,,,,,,,
1.79,,,,,,,,,,,,,,9,,,1-3-5-6-7-8-12-14-15-16-18-19-22-26-28,,,,,,,,
1.8,,,,,,,,,,,,,,9,,,1-3-5-6-7-8-12-14-15-16-18-19-22-26-28,,,,,,,,
1.81,,,,,,,,,,,,,,9,,,1-3-5-6-7-8-12-14-15-16-18-19-22-26-28,,,,,,,,
1.82,,,,,,,,,,,,,,9,,,1-3-5-6-7-8-12-14-15-16-18-19-22-26-28,,,,,,,,
1.83,,,,,,,,,,,,,,9,,,1-5-6-7-8-12-14-15-16-18-19-22-26-28,,,,,,,,
1.84,,,,,,,,,,,,,,9,,,1-5-6-7-8-12-14-15-16-18-19-22-26-28,,,,,,,,
1.85,,,,,,,,,,,,,,9,,,1-5-6-7-8-12-14-15-16-18-19-22-26-28,,,,,,,,
1.86,,,,,,,,,,,,,,9,,,1-5-6-7-8-12-14-15-16-18-19-22-26-28,,,,,,,,
1.87,,,,,,,,,,,,,,9,,,1-5-6-7-8-12-14-15-16-18-19-22-26-28,,,,,,,,
1.88,,,,,,,,,,,,,,9,,,1-5-6-7-8-12-14-15-16-18-19-22-26-28,,,,,,,,
1.89,,,,,,,,,,,,,,9,,,1-5-6-7-8-12-14-15-16-18-19-22-26-28,,,,,,,,
1.9,,,,,,,,,,,,,,9,,,1-5-6-7-8-12-14-15-16-18-19-22-26-28,,,,,,,,
1.91,,,,,,,,,,,,,,9,,,1-5-6-7-8-12-14-15-16-18-19-22-26-28,,,,,,,,
1.92,,,,,,,,,,,,,,9,,,1-5-6-7-8-12-14-15-16-18-19-22-26-28,,,,,,,,
1.93,,,,,,,,,,,,,,9,,,1-5-6-7-8-12-14-15-16-18-19-22-26-28,,,,,,,,
1.94,,,,,,,,,,,,,,9,,,1-5-6-7-8-12-14-15-16-18-19-22-26-28,,,,,,,,
1.95,,,,,,,,,,,,,,9,,,1-5-6-7-8-12-14-15-16-18-19-22-26-28,,,,,,,,
1.96,,,,,,,,,,,,,,9,,,1-6-7-8-12-14-15-16-18-19-22-26-28,5,,,,,,,
1.97,,,,,,,,,,,,,,9,,,6-7-8-12-14-15-16-18-19-22-26-28,1-5,,,,,,,
1.98,,,,,,,,,,,,,,9,,,8-12-14-15-16-18-19-22-26-28,1-5-6,,,,,,,
1.99,,,,,,,,,,,,,,9,,,8-12-14-15-16-18-19-22-26-28,1-5-6,,,,,,,
2.0,,,,,,,,,,,,,,9,,,8-12-14-15-16-18-19-22-26-28,1-5-6,,,,,,,
2.01,,,,,,,,,,,,,,9,,,8-12-14-15-16-18-19-22-26-28,1-5-6,,,,,,,
2.02,,,,,,,,,,,,,,9,,,8-12-14-15-16-18-19-22-26-28,1-5-6,,,,,,,
2.03,,,,,,,,,,,,,,9,,,8-12-14-15-16-18-19-22-26-28,1-5-6,,,,,,,
2.04,,,,,,,,,,,,,,9,,,8-14-15-16-18-19-22-26-28,1-5-6,,,,,,,
2.05,,,,,,,,,,,,,,9,,,8-15-16-18-19-22-26-28,1-5-6-14,,,,,,,
2.06,,,,,,,,,,,,,,9-10,,,8-15-16-18-19-22-26-28,1-5-6-14,,,,,,,
2.07,,,,,,,,,,,,,,9-10,,,8-16-18-19-22-26-28,1-5-6-14,,,,,,,
2.08,,,,,,,,,,,,,,9-10,,,8-16-18-19-22-26-28,1-5-6-14,,,,,,,
2.09,,,,,,,,,,,,,,9-10,,,8-18-19-22-26-28,1-5-6-14,,,,,,,
2.1,,,,,,,,,,,,,,9-10,,,8-18-19-22-26-28,1-5-6-14,,,,,,,
2.11,,,,,,,,,,,,,,9-10,,,8-18-19-22-26-28,1-5-6-14,,,,,,,
2.12,,,,,,,,,,,,,,9-10,,,8-18-19-22-26-28,1-5-6-14,,,,,,,
2.13,,,,,,,,,,,,,,9-10,,,8-19-22-26-28,1-5-6-14,,,,,,,
2.14,,,,,,,,,,,,,,10,,,8-9-19-22-26-28,1-5-6-14,,,,,,,
2.15,,,,,,,,,,,,,,10,,,8-9-19-22-26-28,1-5-6-14,,,,,,,
2.16,,,,,,,,,,,,,,10,,,8-9-22-26-28,1-5-6-14,,,,,,,
2.17,,,,,,,,,,,,,,10,,,8-9-26-28,1-5-6-14-22,,,,,,,
2.18,,,,,,,,,,,,,,10,,,8-9-26-28,1-5-6-14-22,,,,,,,
2.19,,,,,,,,,,,,,,10,,,9-26-28,1-5-6-8-14-22,,,,,,,
2.2,,,,,,,,,,,,,,10,,,9-26-28,1-5-6-8-14-22,,,,,,,
2.21,,,,,,,,,,,,,,10,,,9-26-28,1-5-6-8-14-22,,,,,,,
2.22,,,,,,,,,,,,,,10,,,9-26-28,1-5-6-8-14-22,,,,,,,
2.23,,,,,,,,,,,,,,10,,,9-28,1-5-6-8-14-22-26,,,,,,,
2.24,,,,,,,,,,,,,,10,,,9-28,1-5-6-8-14-22-26,,,,,,,
2.25,,,,,,,,,,,,,,10,,,9,1-5-6-8-14-22-26,,,,,,,
2.26,,,,,,,,,,,,,,10,,,9,1-5-6-8-14-22-26,,,,,,,
2.27,,,,,,,,,,,,,,10,,,9,1-6-8-14-22-26,,,,,,,
2.28,,,,,,,,,,,,,,10,,,9,6-8-14-22-26,1,,,,,,
2.29,,,,,,,,,,,,,,10,,,9,8-14-22-26,1,,,,,,
2.3,,,,,,,,,,,,,,10,,,9,8-14-22-26,1,,,,,,
2.31,,,,,,,,,,,,,,10,,,9,8-14-22-26,1,,,,,,
2.32,,,,,,,,,,,,,,10,,,9,8-14-22-26,1,,,,,,
2.33,,,,,,,,,,,,,,10,,,9,8-14-22-26,1,,,,,,
2.34,,,,,,,,,,,,,,10,,,9,8-14-22-26,1,,,,,,
2.35,,,,,,,,,,,,,,10,,,9,8-14-22-26,1,,,,,,
2.36,,,,,,,,,,,,,,10,,,9,8-22-26,1,,,,,,
2.37,,,,,,,,,,,,,,10,,,9,8-22-26,1,,,,,,
2.38,,,,,,,,,,,,,,10,,,9,8-22-26,1,,,,,,
2.39,,,,,,,,,,,,,,10,,,9,8-22-26,1,,,,,,
2.4,,,,,,,,,,,,,,4-10,,,9,8-22-26,1,,,,,,
2.41,,,,,,,,,,,,,,4-10,,,9,8-22-26,1,,,,,,
2.42,,,,,,,,,,,,,,4-10,,,9,8-22-26,1,,,,,,
2.43,,,,,,,,,,,,,,4-10,,,9,8-22-26,1,,,,,,
2.44,,,,,,,,,,,,,,4-10,,,0-9,8-22-26,1,,,,,,
2.45,,,,,,,,,,,,,,4-10,,,0-9,8-22-26,1,,,,,,
2.46,,,,,,,,,,,,,,4-10,,,0-9,8-22-26,1,,,,,,
2.47,,,,,,,,,,,,,,4-10,,,0-9,8-22-26,1,,,,,,
2.48,,,,,,,,,,,,,,4-10,,,0-9,8-26,1,,,,,,
2.49,,,,,,,,,,,,,,4-10,,,0-9,8-26,1,,,,,,
2.5,,,,,,,,,,,,,,4-10,,,0-9,26,1-8,,,,,,
2.51,,,,,,,,,,,,,,4-10,,,0-9,26,1-8,,,,,,
2.52,,,,,,,,,,,,,,4-10,,,0-9,26,1-8,,,,,,
2.53,,,,,,,,,,,,,,4-10,,,0-9,26,1-8,,,,,,
2.54,,,,,,,,,,,,,,4-10,,,0-9,,1-8,,,,,,
2.55,,,,,,,,,,,,,,4-10,,,0-9,,1-8,,,,,,
2.56,,,,,,,,,,,,,,4-10,,,0-9,,1-8,,,,,,
2.57,,,,,,,,,,,,,,4-10,,,0-9,,1-8,,,,,,
2.58,,,,,,,,,,,,,,4-10,,,0-9,,1-8,,,,,,
2.59,,,,,,,,,,,,,,4-10,,,0-9,,1-8,,,,,,
2.6,,,,,,,,,,,,,,4-10,,,0-9,,1-8,,,,,,
2.61,,,,,,,,,,,,,,4-10,,,0-9,,1-8,,,,,,
2.62,,,,,,,,,,,,,,4-10,,,0-9,,8,,,,,,
2.63,,,,,,,,,,,,,,4-10,,,0-9,,8,,,,,,
2.64,,,,,,,,,,,,,,4,,,0-10,9,8,,,,,,
2.65,,,,,,,,,,,,,,4,,,0-10,9,8,,,,,,
2.66,,,,,,,,,,,,,,4,,,0-10,9,8,,,,,,
2.67,,,,,,,,,,,,,,4,,,0-10,9,8,,,,,,
2.68,,,,,,,,,,,,,,4,,,0-10,9,8,,,,,,
2.69,,,,,,,,,,,,,,4,,,0-10,9,8,,,,,,
2.7,,,,,,,,,,,,,,4,,,0-10,9,8,,,,,,
2.71,,,,,,,,,,,,,,4,,,0-10,9,8,,,,,,
2.72,,,,,,,,,,,,,,4,,,0-10,9,8,,,,,,
2.73,,,,,,,,,,,,,,4,,,0-10,9,8,,,,,,
2.74,,,,,,,,,,,,,,4,,,0-10,9,8,,,,,,
2.75,,,,,,,,,,,,,,4,,,0-10,9,8,,,,,,
2.76,,,,,,,,,,,,,,4,,,0-10,9,8,,,,,,
2.77,,,,,,,,,,,,,,4,,,0-10,9,8,,,,,,
2.78,,,,,,,,,,,,,,4,,,0-2-10,9,8,,,,,,
2.79,,,,,,,,,,,,,,4,,,0-2-10,9,8,,,,,,
2.8,,,,,,,,,,,,,,4,,,0-2-10,9,8,,,,,,
2.81,,,,,,,,,,,,,,4,,,0-2-10,9,8,,,,,,
2.82,,,,,,,,,,,,,,4,,,0-2-10,9,8,,,,,,
2.83,,,,,,,,,,,,,,4,,,0-2-10,9,8,,,,,,
2.84,,,,,,,,,,,,,,4,,,0-2-10,9,,,,,,,
2.85,,,,,,,,,,,,,,4,,,0-2-10,9,,,,,,,
2.86,,,,,,,,,,,,,,4,,,0-2-10,9,,,,,,,
2.87,,,,,,,,,,,,,,4,,,0-2-10,9,,,,,,,
2.88,,,,,,,,,,,,,,4,,,0-2-10,9,,,,,,,
2.89,,,,,,,,,,,,,,4,,,0-2-10,9,,,,,,,
2.9,,,,,,,,,,,,,,4,,,0-2-10,3-9,,,,,,,
2.91,,,,,,,,,,,,,,4,,,0-2-10,3-9,,,,,,,
2.92,,,,,,,,,,,,,,4,,,0-2-10,3-9,,,,,,,
2.93,,,,,,,,,,,,,,4,,,0-2-10,3-9,,,,,,,
2.94,,,,,,,,,,,,,,4,,,2-10,0-3-9,,,,,,,
2.95,,,,,,,,,,,,,,4,,,2-10,0-3,9,,,,,,
2.96,,,,,,,,,,,,,,4,,,2-10,0-3,9,,,,,,
2.97,,,,,,,,,,,,,,4,,,2-10,0-3,9,,,,,,
2.98,,,,,,,,,,,,,,,,,2-4-10,0-3,9,,,,,,
2.99,,,,,,,,,,,,,,,,,2-4-10,0-3,9,,,,,,
3.0,,,,,,,,,,,,,,,,,2-4-10,0-3,9,,,,,,
3.01,,,,,,,,,,,,,,,,,2-4-10,0-3,9,,,,,,
3.02,,,,,,,,,,,,,,,,,2-4-10,0-3,9,,,,,,
3.03,,,,,,,,,,,,,,,,,2-4-10,0-3-7,9,,,,,,
3.04,,,,,,,,,,,,,,,,,2-4-10,0-3-7,9,,,,,,
3.05,,,,,,,,,,,,,,,,,2-4-10,0-3-7,9,,,,,,
3.06,,,,,,,,,,,,,,,,,2-4-10,0-3-7,9,,,,,,
3.07,,,,,,,,,,,,,,,,,2-4-10,0-3-7,9,,,,,,
3.08,,,,,,,,,,,,,,,,,2-4-10,0-3-7,9,,,,,,
3.09,,,,,,,,,,,,,,,,,2-4-10,0-3-7,9,,,,,,
3.1,,,,,,,,,,,,,,,,,2-4-10,0-3-7,9,,,,,,
3.11,,,,,,,,,,,,,,,,,2-4-10,0-3-7,9,,,,,,
3.12,,,,,,,,,,,,,,,,,2-4-10,0-3-7,9,,,,,,
3.13,,,,,,,,,,,,,,,,,2-4-10,0-3-7,9,,,,,,
3.14,,,,,,,,,,,,,,,,,2-4,0-3-7-10,9,,,,,,
3.15,,,,,,,,,,,,,,,,,2-4,0-3-7-10-12,9,,,,,,
3.16,,,,,,,,,,,,,,,,,2-4,0-3-7-10-12,9,,,,,,
3.17,,,,,,,,,,,,,,,,,2-4,0-3-7-10-12,9,,,,,,
3.18,,,,,,,,,,,,,,,,,2-4,0-3-7-10-12,9,,,,,,
3.19,,,,,,,,,,,,,,,,,2-4,0-3-7-10-12,9,,,,,,
3.2,,,,,,,,,,,,,,,,,2-4,0-3-7-10-12,9,,,,,,
3.21,,,,,,,,,,,,,,,,,2-4,0-7-10-12,3-9,,,,,,
3.22,,,,,,,,,,,,,,,,,2-4,0-7-10-12,3-9,,,,,,
3.23,,,,,,,,,,,,,,,,,2-4,0-7-10-12,3-9,,,,,,
3.24,,,,,,,,,,,,,,,,,2-4,0-7-10-12,3-9,,,,,,
3.25,,,,,,,,,,,,,,,,,2-4,7-10-12,0-3-9,,,,,,
3.26,,,,,,,,,,,,,,,,,2-4,7-10-12,0-3-9,,,,,,
3.27,,,,,,,,,,,,,,,,,2-4,7-10-12,0-3-9,,,,,,
3.28,,,,,,,,,,,,,,,,,4,2-7-10-12,0-3-9,,,,,,
3.29,,,,,,,,,,,,,,,,,4,2-7-10-12,0-3,,,,,,
3.3,,,,,,,,,,,,,,,,,4,2-7-10-12,0-3,,,,,,
3.31,,,,,,,,,,,,,,,,,4,2-7-10-12,0-3,,,,,,
3.32,,,,,,,,,,,,,,,,,4,2-7-10-12,0-3,,,,,,
3.33,,,,,,,,,,,,,,,,,4,2-7-10-12,0-3,,,,,,
3.34,,,,,,,,,,,,,,,,,4,2-10-12,0-3-7,1,,,,,
3.35,,,,,,,,,,,,,,21,,,4,2-10-12,0-3-7,1,,,,,
3.36,,,,,,,,,,,,,,17-21,,,4,2-10-12,0-3-7,1,,,,,
3.37,,,,,,,,,,,,,,17-21,,,4,2-10-12,0-3-7,1,,,,,
3.38,,,,,,,,,,,,,,17-21,,,4,2-10-12,0-3-7,1,,,,,
3.39,,,,,,,,,,,,,,17-21,,,4,2-10-12,0-3-5-7,1,,,,,
3.4,,,,,,,,,,,,,,17-21,,,4,2-10-12,0-3-5-7,1,,,,,
3.41,,,,,,,,,,,,,,17-21,,,4,2-10-12,0-3-5-7,1,,,,,
3.42,,,,,,,,,,,,,,17-21,,,4,2-10-12,0-3-5-7,1,,,,,
3.43,,,,,,,,,,,,,,17-21,,,4,2-10-12,0-3-5-7,1,,,,,
3.44,,,,,,,,,,,,,,17-21,,,4,2-10-12,0-3-5-7,1,,,,,
3.45,,,,,,,,,,,,,,17-21,,,4,2-12,0-3-5-7-10,1,,,,,
3.46,,,,,,,,,,,,,,17-21,,,4,2,0-3-5-7-10-12,1,,,,,
3.47,,,,,,,,,,,,,,17-21,,,4,2,0-3-5-7-10-12,1,,,,,
3.48,,,,,,,,,,,,,,17-21,,,,2-4,0-3-5-7-10-12,1,,,,,
3.49,,,,,,,,,,,,,,17-21,,,,2-4,0-3-5-7-10-12,1,,,,,
3.5,,,,,,,,,,,,,,17-21,,,,2-4,0-3-5-7-10-12,1,,,,,
3.51,,,,,,,,,,,,,,17-21,,,,2-4,0-3-5-7-10-12,1,,,,,
3.52,,,,,,,,,,,,,,17-21,,,,2-4,0-3-5-7-10-12,1,,,,,
3.53,,,,,,,,,,,,,,17-21,,,,2-4,0-3-5-7-10-12,1,,,,,
3.54,,,,,,,,,,,,,,17-21,,,,2-4,0-3-5-7-10-12,1,,,,,
3.55,,,,,,,,,,,,,,17-21-24,,,,2-4,0-5-7-10-12,1-3,,,,,
3.56,,,,,,,,,,,,,,17-21-24,,,,2-4,0-5-7-10-12,1-3,,,,,
3.57,,,,,,,,,,,,,,17-21-24,,,,2-4,0-5-7-10-12,1-3,,,,,
3.58,,,,,,,,,,,,,,17-21-24,,,,2-4,0-5-7-10-12,1-3,,,,,
3.59,,,,,,,,,,,,,,17-21-24,,,,4,2-5-7-10-12,0-1-3,,,,,
3.6,,,,,,,,,,,,,,17-21-24,,,,4,2-5-7-10-12,0-1-3,,,,,
3.61,,,,,,,,,,,,,,17-21-24,,,,4,2-5-7-10-12,0-1-3,,,,,
3.62,,,,,,,,,,,,,,17-21-24,,,,4,2-5-7-10-12,0-1-3,,,,,
3.63,,,,,,,,,,,,,,17-21-24,,,,4,2-5-7-10-12,0-1-3,,,,,
3.64,,,,,,,,,,,,,,17-21-24,,,,4,2-5-7-10-12,0-1-3,,,,,
3.65,,,,,,,,,,,,,,17-21-24,,,,4,2-5-7-10-12,0-1-3,,,,,
3.66,,,,,,,,,,,,,,17-21-24,,,,4,2-5-6-7-10-12,0-1-3,,,,,
3.67,,,,,,,,,,,,,,17-21-24,,,,4,2-5-6-7-10-12,0-1-3,,,,,
3.68,,,,,,,,,,,,,,17-21-24,,,,4,2-5-6-10-12,0-1-3-7,,,,,
3.69,,,,,,,,,,,,,,17-21-24,,,,4,2-5-6-10-12,0-1-3-7,,,,,
3.7,,,,,,,,,,,,,,17-21-24,,,,4,2-5-6-10-12,0-1-3-7,,,,,
3.71,,,,,,,,,,,,,,17-21-24,,,,4,2-5-6-10-12,0-1-3-7,,,,,
3.72,,,,,,,,,,,,,,17-21-24,,,,4,2-5-6-10-12,0-1-3-7,,,,,
3.73,,,,,,,,,,,,,,17-21-24,,,,4,2-6-10-12,0-1-3-5-7,,,,,
3.74,,,,,,,,,,,,,,17-21-24,,,,4,2-6-10-12,0-1-3-5-7,,,,,
3.75,,,,,,,,,,,,,,17-21-24,,,,4,2-6-10-12,0-1-3-5-7,,,,,
3.76,,,,,,,,,,,,,,17-21-24,,,11,4,2-6-10-12,0-1-3-5-7,,,,,
3.77,,,,,,,,,,,,,,17-21-24,,,11,4,2-6-10-12,0-1-3-5-7,,,,,
3.78,,,,,,,,,,,,,,17-21-24,,,11,4,2-6-10-12,0-1-3-5-7,,,,,
3.79,,,,,,,,,,,,,,17-21-24,,,11,,2-4-6-12,0-1-3-5-7-9,,,,,
3.8,,,,,,,,,,,,,,17-21-24,,,11,,2-4-6,0-1-3-5-7-8-9,,,,,
3.81,,,,,,,,,,,,,,17-21-24,,,11,,2-4-6,0-1-3-5-7-8-9,,,,,
3.82,,,,,,,,,,,,,,17-21-24,,,11,,2-4-6,0-1-3-5-7-8-9,,,,,
3.83,,,,,,,,,,,,,,17-21-24,,,11,,2-4-6,0-1-3-5-7-8-9,,,,,
3.84,,,,,,,,,,,,,,17-21-24,,,11,,2-4-6,0-1-3-5-7-8-9,,,,,
3.85,,,,,,,,,,,,,,17-21-24,,,11,,2-4-6,0-1-3-5-7-8-9,,,,,
3.86,,,,,,,,,,,,,,17-21-24,,,11,,2-4-6,0-1-3-5-7-8-9,,,,,
3.87,,,,,,,,,,,,,,17-21-24,,,11,,2-4-6,0-1-3-5-7-8-9,,,,,
3.88,,,,,,,,,,,,,,17-21-24,,,11,,2-4-6,0-1-3-5-7-8-9,,,,,
3.89,,,,,,,,,,,,,,17-21-24,,,11,,2-4-6,0-1-3-5-7-8-9,,,,,
3.9,,,,,,,,,,,,,,17-21-24,,,11,,2-4-6,0-1-3-5-7-8-9,,,,,
3.91,,,,,,,,,,,,,,17-21-24,,,11,,2-4-6,0-1-3-5-7-8-9,,,,,
3.92,,,,,,,,,,,,,,17-21-24,,,11,,2-4-6,0-1-3-5-7-8-9,,,,,
3.93,,,,,,,,,,,,,,17-24,,,11-21,,4-6,0-1-2-3-5-7-8-9,,,,,
3.94,,,,,,,,,,,,,,24,,,11-17-21,,4-6,0-1-2-3-5-7-8-9,,,,,
3.95,,,,,,,,,,,,,,24,,,11-17-21,,4-6,0-1-2-3-5-7-8-9,,,,,
3.96,,,,,,,,,,,,,,24,,,11-17-21,,4-6,0-1-2-3-5-7-8-9,,,,,
3.97,,,,,,,,,,,,,,24,,,11-17-21,,4-6,0-1-2-3-5-7-8-9,,,,,
3.98,,,,,,,,,,,,,,24,,,11-17-21,,4-6,0-1-2-3-5-7-8-9,,,,,
3.99,,,,,,,,,,,,,,24,,,11-17-21,,4-6,0-1-2-3-5-7-8-9,,,,,
4.0,,,,,,,,,,,,,,24,,,11-17-21,,4,0-1-2-3-5-6-7-8-9,,,,,
4.01,,,,,,,,,,,,,,24,,,11-17-21,,4,0-1-2-3-5-6-7-8-9,,,,,
4.02,,,,,,,,,,,,,,24,,,11-17-21,,4,0-1-2-3-5-6-7-8-9,,,,,
4.03,,,,,,,,,,,,,,24,,,11-17-21,,4,0-1-2-3-5-6-7-8-9,,,,,
4.04,,,,,,,,,,,,,,24,,,11-17-21,,4,0-1-2-3-5-6-7-8-9,,,,,
4.05,,,,,,,,,,,,,,24,,,11-17-21,15,4,0-1-2-3-5-6-7-8-9,,,,,
4.06,,,,,,,,,,,,,,24,,,11-17-21,15,4,0-1-2-3-5-6-7-8-9,,,,,
4.07,,,,,,,,,,,,,,24,,,11-17-21,15,4,0-1-2-3-5-6-7-8-9,,,,,
4.08,,,,,,,,,,,,,,24,,,11-17-21,15,4,0-1-2-3-5-6-7-8-9,,,,,
4.09,,,,,,,,,,,,,,24,,,11-17-21,15,4,0-1-2-3-5-6-7-8-9,,,,,
4.1,,,,,,,,,,,,,,24,,,11-17-21,15,4,0-1-2-3-5-6-7-8-9,,,,,
4.11,,,,,,,,,,,,,,24,,,11-17-21,15,4,0-1-2-3-5-6-7-8-9,,,,,
4.12,,,,,,,,,,,,,,24,,,11-17-21,15,4,0-1-2-3-5-6-7-8-9,,,,,
4.13,,,,,,,,,,,,,,,,,11-17-21-24,15,,0-1-2-3-4-5-6-7-8-9,,,,,
4.14,,,,,,,,,,,,,,,,,11-17-21-24,15,,0-1-2-3-4-5-6-7-8-9,,,,,
4.15,,,,,,,,,,,,,,,,,11-17-21-24,15,,0-1-2-3-4-5-6-7-8-9,,,,,
4.16,,,,,,,,,,,,,,,,,11-17-21-24,15,,0-1-2-3-4-5-6-7-8-9,,,,,
4.17,,,,,,,,,,,,,,,,,11-17-21-24,15,,0-1-2-3-4-5-6-7-8-9,,,,,
4.18,,,,,,,,,,,,,,,,,11-17-21-24,15,,0-1-2-3-4-5-6-7-8-9,,,,,
4.19,,,,,,,,,,,,,,,,,11-17-21-24,15,,0-1-2-3-4-5-6-7-8-9,,,,,
4.2,,,,,,,,,,,,,,,,,11-17-21-24,15,,0-1-2-3-4-5-6-7-8-9,,,,,
4.21,,,,,,,,,,,,,,,,,11-17-21-24,15,,0-1-2-3-4-5-6-7-8-9,,,,,
4.22,,,,,,,,,,,,,,,,,11-17-21-24,15,,0-1-2-3-4-5-6-7-8-9,,,,,
4.23,,,,,,,,,,,,,,,,,11-17-21-24,15,,0-1-2-3-4-5-6-7-8-9,,,,,
4.24,,,,,,,,,,,,,,,,,11-17-21-24,15,,0-1-2-3-4-5-6-7-8-9,,,,,
4.25,,,,,,,,,,,,,,,,,11-17-21-24,15,,0-1-2-3-4-5-6-7-8-9,,,,,
4.26,,,,,,,,,,,,,,,,,17-21-24,11-15,,0-1-2-3-4-5-6-7-8-9,,,,,
4.27,,,,,,,,,,,,,,,,,17-21-24,11-15,,0-1-2-3-4-5-6-7-8-9,,,,,
4.28,,,,,,,,,,,,,,,,,17-21-24,11-15-16,,0-1-2-3-4-5-6-7-8-9,,,,,
4.29,,,,,,,,,,,,,,,,,17-21-24,11-15-16,,0-1-2-3-4-5-6-7-8-9,,,,,
4.3,,,,,,,,,,,,,,,,,13-17-21-24,11-15-16,,0-1-2-3-4-5-6-7-8-9,,,,,
4.31,,,,,,,,,,,,,,,,,13-17-21-24,11-15-16,,0-1-2-3-4-5-6-7-8-9,,,,,
4.32,,,,,,,,,,,,,,,,,13-17-21-24,11-15-16,,0-1-2-3-4-5-6-7-8-9,,,,,
4.33,,,,,,,,,,,,,,,,,13-17-21-24,11-15-16,,0-1-2-3-4-5-6-7-8-9,,,,,
4.34,,,,,,,,,,,,,,,,,13-17-21-24,11-15-16,,0-1-2-3-4-5-6-7-8-9,,,,,
4.35,,,,,,,,,,,,,,27,,,13-17-21-24,11-15-16,,0-1-2-3-4-5-6-7-8-9,,,,,
4.36,,,,,,,,,,,,,,27,,,13-17-21-24,11-16,15,0-1-2-3-4-5-6-7-8-9,,,,,
4.37,,,,,,,,,,,,,,27,,,13-17-21-24,11-16,15,0-1-2-3-4-5-6-7-8-9,,,,,
4.38,,,,,,,,,,,,,,27,,,13-17-21-24,11-16,15,0-1-2-3-4-5-6-7-8-9,,,,,
4.39,,,,,,,,,,,,,,27,,,13-17-21-24,11-16,15,0-1-2-3-4-5-6-7-8-9,,,,,
4.4,,,,,,,,,,,,,,27,,,13-17-21-24,11-16,15,0-1-2-3-4-5-6-7-8-9,,,,,
4.41,,,,,,,,,,,,,,27,,,13-17-21-24,11-16,15,0-1-2-3-4-5-6-7-8-9,,,,,
4.42,,,,,,,,,,,,,,27,,,13-17-21-24,11-16,15,0-1-2-3-4-5-6-7-8-9,,,,,
4.43,,,,,,,,,,,,,,27,,,13-17-24,11-16-21,15,0-1-2-3-4-5-6-7-8-9,,,,,
4.44,,,,,,,,,,,,,,27,,,13-24,11-16-17-21,15,0-1-2-3-4-5-6-7-8-9,,,,,
4.45,,,,,,,,,,,,,,27,,,13-24,11-16-17-21,15-22,0-1-2-3-4-5-6-7-8-9,,,,,
4.46,,,,,,,,,,,,,,27,,,13-24,11-16-17-21,15-22,0-1-2-3-4-5-6-7-8-9,,,,,
4.47,,,,,,,,,,,,,,27,,,13-24,11-16-17-21,15-22,0-1-2-3-4-5-6-7-8-9,,,,,
4.48,,,,,,,,,,,,,,27,,,13-24,11-16-17-21,15-22,0-1-2-3-4-5-6-7-8-9,,,,,
4.49,,,,,,,,,,,,,,27,,,13-24,11-16-17-21,15-22,0-1-2-3-4-5-6-7-8-9,,,,,
4.5,,,,,,,,,,,,,,27,,,13-24,11-16-17-21,15-22,0-1-2-3-4-5-6-7-8-9,,,,,
4.51,,,,,,,,,,,,,,27,,,13-24,11-16-17-21,15-22,0-1-2-3-4-5-6-7-8-9,,,,,
4.52,,,,,,,,,,,,,,27,,,13-24,11-16-17-21,15-22,0-1-2-3-4-5-6-7-8-9,,,,,
4.53,,,,,,,,,,,,,,27,,,13-24,11-16-17-21,15-22,0-1-2-3-4-5-6-7-8-9,,,,,
4.54,,,,,,,,,,,,,,27,,,13-24,11-16-17-21,15-22,0-1-2-3-4-5-6-7-8-9,,,,,
4.55,,,,,,,,,,,,,,27,,,13-24,11-16-17-21,15-22,0-1-2-3-4-5-6-7-8-9,,,,,
4.56,,,,,,,,,,,,,,27,,,13-24,11-16-17-21,15-22,0-1-2-3-4-5-6-7-8-9,,,,,
4.57,,,,,,,,,,,,,,27,,,13-24,16-17-21,11-15-22,0-1-2-3-4-5-6-7-8-9,,,,,
4.58,,,,,,,,,,,,,,27,,,13-24,16-17-21,11-15-22,0-1-2-3-4-5-6-7-8-9,,,,,
4.59,,,,,,,,,,,,,,27,,,13-24,17-21,11-15-16-22,0-1-2-3-4-5-6-7-8-9,,,,,
4.6,,,,,,,,,,,,,,27,,,13-24,17-21,11-15-16-22,0-1-2-3-4-5-6-7-8-9,,,,,
4.61,,,,,,,,,,,,,,27,,,13-24,17-21,11-15-16-22,0-1-2-3-4-5-6-7-8-9,,,,,
4.62,,,,,,,,,,,,,,27,,,13-24,17-21,11-15-16-22,0-1-2-3-4-5-6-7-8-9,,,,,
4.63,,,,,,,,,,,,,,27,,,13,17-21-24,11-15-16-22,0-1-2-3-4-5-6-7-8-9,,,,,
4.64,,,,,,,,,,,,,,27,,,13,17-21-24,11-15-16-22,0-1-2-3-4-5-6-7-8-9,,,,,
4.65,,,,,,,,,,,,,,27,,,13,17-21-24,11-15-16-22,0-1-2-3-4-5-6-7-8-9,,,,,
4.66,,,,,,,,,,,,,,27,,,13,17-21-24,11-15-16-22,0-1-2-3-4-5-6-7-8-9,,,,,
4.67,,,,,,,,,,,,,,27,,,13,17-21-24,11-15-16-22,0-1-2-3-4-5-6-7-8-9,,,,,
4.68,,,,,,,,,,,,,,27,,,13,17-21-24,11-15-16-22,0-1-2-3-4-5-6-7-8-9,,,,,
4.69,,,,,,,,,,,,,,27,,,13,17-21-24,11-15-16-22,0-1-2-3-4-5-6-7-8-9,,,,,
4.7,,,,,,,,,,,,,,27,,,13,17-21-24,11-16-22,0-1-2-3-4-5-6-7-8-9-15,,,,,
4.71,,,,,,,,,,,,,,27,,,13,17-21-24,11-16-22,0-1-2-3-4-5-6-7-8-9-15,,,,,
4.72,,,,,,,,,,,,,,27,,,13,17-21-24,11-16-22,0-1-2-3-4-5-6-7-8-9-15,,,,,
4.73,,,,,,,,,,,,,,27,,,13,17-21-24,11-14-16-22,0-1-2-3-4-5-6-7-8-9-15,,,,,
4.74,,,,,,,,,,,,,,27,,,13,17-24,11-14-16-22,0-1-2-3-4-5-6-7-8-9-15,,,,,
4.75,,,,,,,,,,,,,,27,,,13,24,11-14-16-17-22,0-1-2-3-4-5-6-7-8-9-15,,,,,
4.76,,,,,,,,,,,,,,27,,,13,24,11-14-16-17-22,0-1-2-3-4-5-6-7-8-9-15,,,,,
4.77,,,,,,,,,,,,,,27,,,13,24,11-14-16-17-22,0-1-2-3-4-5-6-7-8-9-15,,,,,
4.78,,,,,,,,,,,,,,27,,,13,24,11-14-16-17-22,0-1-2-3-4-5-6-7-8-9-15,,,,,
4.79,,,,,,,,,,,,,,27,,,13,24,11-14-16-17,0-1-2-3-4-5-6-7-8-9-15-22,,,,,
4.8,,,,,,,,,,,,,,27,,,,13-24,11-14-16-17,0-1-2-3-4-5-6-7-8-9-15-22,,,,,
4.81,,,,,,,,,,,,,,27,,,,13-24,11-14-16-17,0-1-2-3-4-5-6-7-8-9-15-22,,,,,
4.82,,,,,,,,,,,,,,27,,,,13-24,11-14-16-17,0-1-2-3-4-5-6-7-8-9-15-22,,,,,
4.83,,,,,,,,,,,,,,27,,,,13-24,11-14-16-17,0-1-2-3-4-5-6-7-8-9-15-22,,,,,
4.84,,,,,,,,,,,,,,27,,,,13-24,11-14-16-17,0-1-2-3-4-5-6-7-8-9-15-22,,,,,
4.85,,,,,,,,,,,,,,27,,,,13-24,11-14-16-17,0-1-2-3-4-5-6-7-8-9-15-22,,,,,
4.86,,,,,,,,,,,,,,27,,,,13-24,11-14-16-17,0-1-2-3-4-5-6-7-8-9-15-22,,,,,
4.87,,,,,,,,,,,,,,27,,,,13-24,11-14-16-17,0-1-2-3-4-5-6-7-8-9-10-15-22,,,,,
4.88,,,,,,,,,,,,,,27,,,,13-24,11-14-16-17,0-1-2-3-4-5-6-7-8-9-10-15-22,,,,,
4.89,,,,,,,,,,,,,,27,,,,13-24,11-14-16-17,0-1-2-3-4-5-6-7-8-9-10-15-22,,,,,
4.9,,,,,,,,,,,,,,27,,,,13-24,11-14-16-17,0-1-2-3-4-5-6-7-8-9-10-15-22,,,,,
4.91,,,,,,,,,,,,,,27,,,23,13-24,14-16-17,0-1-2-3-4-5-6-7-8-9-10-11-15-22,,,,,
4.92,,,,,,,,,,,,,,27,,,23,13-24,14-16-17,0-1-2-3-4-5-6-7-8-9-10-11-15-22,,,,,
4.93,,,,,,,,,,,,,,25,,,23-27,13-24,14-17,0-1-2-3-4-5-6-7-8-9-10-11-15-22,,,,,
4.94,,,,,,,,,,,,,,25,,,23-27,13,14-17,0-1-2-3-4-5-6-7-8-9-10-11-15-22,,,,,
4.95,,,,,,,,,,,,,,25,,,23-27,13,14-17,0-1-2-3-4-5-6-7-8-9-10-11-15-22,,,,,
4.96,,,,,,,,,,,,,,25,,,23-27,13,14-17,0-1-2-3-4-5-6-7-8-9-10-11-12-15-22,,,,,
4.97,,,,,,,,,,,,,,25,,,23-27,13,14-17,0-1-2-3-4-5-6-7-8-9-10-11-12-15-22,,,,,
4.98,,,,,,,,,,,,,,25,,,23-27,13,14-17-21,0-1-2-3-4-5-6-7-8-9-10-11-12-15-22,,,,,
4.99,,,,,,,,,,,,,,25,,,23-27,13,14-17-21,0-1-2-3-4-5-6-7-8-9-10-11-12-15-22,,,,,
5.0,,,,,,,,,,,,,,25,,,23-27,13,14-17-21,0-1-2-3-4-5-6-7-8-9-10-11-12-15-22,,,,,
5.01,,,,,,,,,,,,,,25,,,23-27,13,14-17-21,0-1-2-3-4-5-6-7-8-9-10-11-12-15-22,,,,,
5.02,,,,,,,,,,,,,,25,,,20-23-27,13,14-17-21,0-1-2-3-4-5-6-7-8-9-10-11-12-15-22,,,,,
5.03,,,,,,,,,,,,,,25,,,20-23-27,13,14-17-21,0-1-2-3-4-5-6-7-8-9-10-11-12-15-22,,,,,
5.04,,,,,,,,,,,,,,25,,,20-23-27,13,14-17-21,0-1-2-3-4-5-6-7-8-9-10-11-12-15-22,,,,,
5.05,,,,,,,,,,,,,,25,,,20-23-27,13,14-17-21,0-1-2-3-4-5-6-7-8-9-10-11-12-15-22,,,,,
5.06,,,,,,,,,,,,,,25,,,20-23-27,13,14-17-21,0-1-2-3-4-5-6-7-8-9-10-11-12-15-22,,,,,
5.07,,,,,,,,,,,,,,25,,,20-23-27,13,17-21,0-1-2-3-4-5-6-7-8-9-10-11-12-14-15-22,,,,,
5.08,,,,,,,,,,,,,,25,,,20-23-27,13,17-21,0-1-2-3-4-5-6-7-8-9-10-11-12-14-15-22,,,,,
5.09,,,,,,,,,,,,,,25,,,20-23-27,13,21,0-1-2-3-4-5-6-7-8-9-10-11-12-14-15-16-17-22,,,,,
5.1,,,,,,,,,,,,,,25,,,20-23-27,13,21,0-1-2-3-4-5-6-7-8-9-10-11-12-14-15-16-17-22,,,,,
5.11,,,,,,,,,,,,,,25,,,20-23-27,,13-21,0-1-2-3-4-5-6-7-8-9-10-11-12-14-15-16-17-22,,,,,
5.12,,,,,,,,,,,,,,25,,,20-23-27,,13-21,0-1-2-3-4-5-6-7-8-9-10-11-12-14-15-16-17-22,,,,,
5.13,,,,,,,,,,,,,,25,,,20-23-27,,13-21,0-1-2-3-4-5-6-7-8-9-10-11-12-14-15-16-17-22,,,,,
5.14,,,,,,,,,,,,,,25,,,20-23-27,,13-21,0-1-2-3-4-5-6-7-8-9-10-11-12-14-15-16-17-22,,,,,
5.15,,,,,,,,,,,,,,25,,,20-23-27,,13-21,0-1-2-3-4-5-6-7-8-9-10-11-12-14-15-16-17-22,,,,,
5.16,,,,,,,,,,,,,,25,,,20-23-27,,13-21,0-1-2-3-4-5-6-7-8-9-10-11-12-14-15-16-17-22,,,,,
5.17,,,,,,,,,,,,,,25,,,20-23-27,,13-21,0-1-2-3-4-5-6-7-8-9-10-11-12-14-15-16-17-22,,,,,
5.18,,,,,,,,,,,,,,25,,,20-23-27,,13-21,0-1-2-3-4-5-6-7-8-9-10-11-12-14-15-16-17-22,,,,,
5.19,,,,,,,,,,,,,,25,,,20-23-27,,13-21,0-1-2-3-4-5-6-7-8-9-10-11-12-14-15-16-17-22,,,,,
5.2,,,,,,,,,,,,,,25,,,20-23-27,,13-21,0-1-2-3-4-5-6-7-8-9-10-11-12-14-15-16-17-22,,,,,
5.21,,,,,,,,,,,,,,25,,,20-23-27,,13-21,0-1-2-3-4-5-6-7-8-9-10-11-12-14-15-16-17-22,,,,,
5.22,,,,,,,,,,,,,,25,,,20-23-27,,13-21,0-1-2-3-4-5-6-7-8-9-10-11-12-14-15-16-17-22,,,,,
5.23,,,,,,,,,,,,,,25,,,20-23-27,,13-21,0-1-2-3-4-5-6-7-8-9-10-11-12-14-15-16-17-22,,,,,
5.24,,,,,,,,,,,,,,25,,,20-23-27,,13-21,0-1-2-3-4-5-6-7-8-9-10-11-12-14-15-16-17-22,,,,,
5.25,,,,,,,,,,,,,,25,,,20-23-27,,13-21,0-1-2-3-4-5-6-7-8-9-10-11-12-14-15-16-17-22,,,,,
5.26,,,,,,,,,,,,,,25,,,20-23-27,,13-21,0-1-2-3-4-5-6-7-8-9-10-11-12-14-15-16-17-22,,,,,
5.27,,,,,,,,,,,,,,25,,,20-23-27,,13-21,0-1-2-3-4-5-6-7-8-9-10-11-12-14-15-16-17-22,,,,,
5.28,,,,,,,,,,,,,,25,,,20-23-27,,13-21,0-1-2-3-4-5-6-7-8-9-10-11-12-14-15-16-17-22,,,,,
5.29,,,,,,,,,,,,,,25,,,20-23-27,,13-21,0-1-2-3-4-5-6-7-8-9-10-11-12-14-15-16-17-22,,,,,
5.3,,,,,,,,,,,,,,25,,,20-23-27,,13-21,0-1-2-3-4-5-6-7-8-9-10-11-12-14-15-16-17-22,,,,,
5.31,,,,,,,,,,,,,,25,,,20-23-27,,13-21,0-1-2-3-4-5-6-7-8-9-10-11-12-14-15-16-17-22,,,,,
5.32,,,,,,,,,,,,,,25,,,20-23-27,,13,0-1-2-3-4-5-6-7-8-9-10-11-12-14-15-16-17-21-22,,,,,
5.33,,,,,,,,,,,,,,25,,,20-23-27,,13,0-1-2-3-4-5-6-7-8-9-10-11-12-14-15-16-17-21-22,,,,,
5.34,,,,,,,,,,,,,,25,,,20-23-27,,13,0-1-2-3-4-5-6-7-8-9-10-11-12-14-15-16-17-21-22,,,,,
5.35,,,,,,,,,,,,,,25,,,20-23-27,,13-24,0-1-2-3-4-5-6-7-8-9-10-11-12-14-15-16-17-21-22,,,,,
5.36,,,,,,,,,,,,,,25,,,20-23-27,,13-24,0-1-2-3-4-5-6-7-8-9-10-11-12-14-15-16-17-21-22,,,,,
5.37,,,,,,,,,,,,,,25,,,20-23-27,,13-24,0-1-2-3-4-5-6-7-8-9-10-11-12-14-15-16-17-21-22,,,,,
5.38,,,,,,,,,,,,,,25,,,20-23-27,,13-24,0-1-2-3-4-5-6-7-8-9-10-11-12-14-15-16-17-21-22,,,,,
5.39,,,,,,,,,,,,,,25,,,20-23-27,,13-24,0-1-2-3-4-5-6-7-8-9-10-11-12-14-15-16-17-21-22,,,,,
5.4,,,,,,,,,,,,,,25,,,20-23-27,,13-24,0-1-2-3-4-5-6-7-8-9-10-11-12-14-15-16-17-21-22,,,,,
5.41,,,,,,,,,,,,,,25,,,20-27,23,13-24,0-1-2-3-4-5-6-7-8-9-10-11-12-14-15-16-17-21-22,,,,,
5.42,,,,,,,,,,,,,,25,,,20-27,23,13-24,0-1-2-3-4-5-6-7-8-9-10-11-12-14-15-16-17-21-22,,,,,
5.43,,,,,,,,,,,,,,25,,,20,23-27,13-24,0-1-2-3-4-5-6-7-8-9-10-11-12-14-15-16-17-21-22,,,,,
5.44,,,,,,,,,,,,,,25,,,20,23-27,13-24,0-1-2-3-4-5-6-7-8-9-10-11-12-14-15-16-17-21-22,,,,,
5.45,,,,,,,,,,,,,,25,,,20,23-27,24,0-1-2-3-4-5-6-7-8-9-10-11-12-13-14-15-16-17-21-22,,,,,
5.46,,,,,,,,,,,,,,25,,,20,19-23-27,24,0-1-2-3-4-5-6-7-8-9-10-11-12-13-14-15-16-17-21-22,,,,,
5.47,,,,,,,,,,,,,,25,,,20,19-23-27,24,0-1-2-3-4-5-6-7-8-9-10-11-12-13-14-15-16-17-21-22,,,,,
5.48,,,,,,,,,,,,,,25,,,20,19-23-27,24,0-1-2-3-4-5-6-7-8-9-10-11-12-13-14-15-16-17-21-22,,,,,
5.49,,,,,,,,,,,,,,25,,,20,19-23-27,24,0-1-2-3-4-5-6-7-8-9-10-11-12-13-14-15-16-17-21-22,,,,,
5.5,,,,,,,,,,,,,,25,,,20,19-23-27,24,0-1-2-3-4-5-6-7-8-9-10-11-12-13-14-15-16-17-21-22,,,,,
5.51,,,,,,,,,,,,,,,,,20-25,19-23-27,24,0-1-2-3-4-5-6-7-8-9-10-11-12-13-14-15-16-17-21-22,,,,,
5.52,,,,,,,,,,,,,,,,,25,19-20-23-27,24,0-1-2-3-4-5-6-7-8-9-10-11-12-13-14-15-16-17-21-22,,,,,
5.53,,,,,,,,,,,,,,,,,25,19-20-23-27,24,0-1-2-3-4-5-6-7-8-9-10-11-12-13-14-15-16-17-21-22,,,,,
5.54,,,,,,,,,,,,,,,,,25,19-20-23-27,24,0-1-2-3-4-5-6-7-8-9-10-11-12-13-14-15-16-17-21-22,,,,,
5.55,,,,,,,,,,,,,,,,,25,19-20-23-27,24,0-1-2-3-4-5-6-7-8-9-10-11-12-13-14-15-16-17-21-22,,,,,
5.56,,,,,,,,,,,,,,,,,25,19-20-23-27,24,0-1-2-3-4-5-6-7-8-9-10-11-12-13-14-15-16-17-21-22,,,,,
5.57,,,,,,,,,,,,,,,,,25,19-20-23-27,24,0-1-2-3-4-5-6-7-8-9-10-11-12-13-14-15-16-17-21-22,,,,,
5.58,,,,,,,,,,,,,,,,,25,19-20-23-27,24,0-1-2-3-4-5-6-7-8-9-10-11-12-13-14-15-16-17-21-22,,,,,
5.59,,,,,,,,,,,,,,,,,25,19-20-23-27,24,0-1-2-3-4-5-6-7-8-9-10-11-12-13-14-15-16-17-21-22,,,,,
5.6,,,,,,,,,,,,,,,,,25,19-20-23-27,24,0-1-2-3-4-5-6-7-8-9-10-11-12-13-14-15-16-17-21-22,,,,,
5.61,,,,,,,,,,,,,,,,,25,19-20-23-27,24,0-1-2-3-4-5-6-7-8-9-10-11-12-13-14-15-16-17-21-22,,,,,
5.62,,,,,,,,,,,,,,,,,25,19-20-23-27,24,0-1-2-3-4-5-6-7-8-9-10-11-12-13-14-15-16-17-21-22,,,,,
5.63,,,,,,,,,,,,,,,,,25,18-19-20-23-27,24,0-1-2-3-4-5-6-7-8-9-10-11-12-13-14-15-16-17-21-22,,,,,
5.64,,,,,,,,,,,,,,,,,25,18-19-20-23-27,24,0-1-2-3-4-5-6-7-8-9-10-11-12-13-14-15-16-17-21-22,,,,,
5.65,,,,,,,,,,,,,,,,,25,18-19-20-23-27,24,0-1-2-3-4-5-6-7-8-9-10-11-12-13-14-15-16-17-21-22,,,,,
5.66,,,,,,,,,,,,,,,,,25,18-19-20-23-27,24,0-1-2-3-4-5-6-7-8-9-10-11-12-13-14-15-16-17-21-22,,,,,
5.67,,,,,,,,,,,,,,,,,25,18-19-20-23-27,24-26,0-1-2-3-4-5-6-7-8-9-10-11-12-13-14-15-16-17-21-22,,,,,
5.68,,,,,,,,,,,,,,,,,25,18-19-20-23-27,24-26,0-1-2-3-4-5-6-7-8-9-10-11-12-13-14-15-16-17-21-22,,,,,
5.69,,,,,,,,,,,,,,,,,25,18-19-20-23-27,26,0-1-2-3-4-5-6-7-8-9-10-11-12-13-14-15-16-17-21-22,,,,,
5.7,,,,,,,,,,,,,,,,,25,18-19-20-23-27,26,0-1-2-3-4-5-6-7-8-9-10-11-12-13-14-15-16-17-21-22,,,,,
5.71,,,,,,,,,,,,,,,,,25,18-19-20-23-27,26,0-1-2-3-4-5-6-7-8-9-10-11-12-13-14-15-16-17-21-22,,,,,
5.72,,,,,,,,,,,,,,,,,25,18-19-20-27,26,0-1-2-3-4-5-6-7-8-9-10-11-12-13-14-15-16-17-21-22,,,,,
5.73,,,,,,,,,,,,,,,,,25,18-19-20-27,26,0-1-2-3-4-5-6-7-8-9-10-11-12-13-14-15-16-17-21-22,,,,,
5.74,,,,,,,,,,,,,,,,,25,18-19-20,26,0-1-2-3-4-5-6-7-8-9-10-11-12-13-14-15-16-17-21-22,,,,,
5.75,,,,,,,,,,,,,,,,,25,18-19-20,26,0-1-2-3-4-5-6-7-8-9-10-11-12-13-14-15-16-17-21-22,,,,,
5.76,,,,,,,,,,,,,,,,,25,18-19-20,26,0-1-2-3-4-5-6-7-8-9-10-11-12-13-14-15-16-17-21-22,,,,,
5.77,,,,,,,,,,,,,,,,,25,18-20,19-26,0-1-2-3-4-5-6-7-8-9-10-11-12-13-14-15-16-17-21-22,,,,,
5.78,,,,,,,,,,,,,,,,,25,18-20,19-26,0-1-2-3-4-5-6-7-8-9-10-11-12-13-14-15-16-17-21-22,,,,,
5.79,,,,,,,,,,,,,,,,,25,18-20,19-26,0-1-2-3-4-5-6-7-8-9-10-11-12-13-14-15-16-17-21-22,,,,,
5.8,,,,,,,,,,,,,,,,,25,18-20,19-26,0-1-2-3-4-5-6-7-8-9-10-11-12-13-14-15-16-17-21-22,,,,,
5.81,,,,,,,,,,,,,,,,,25,18-20,19-26,0-1-2-3-4-5-6-7-8-9-10-11-12-13-14-15-16-17-21-22,,,,,
5.82,,,,,,,,,,,,,,,,,25,18-20,19-26,0-1-2-3-4-5-6-7-8-9-10-11-12-13-14-15-16-17-21-22,,,,,
5.83,,,,,,,,,,,,,,,,,25,18,19-20-26,0-1-2-3-4-5-6-7-8-9-10-11-12-13-14-15-16-17-21-22,,,,,
5.84,,,,,,,,,,,,,,,,,25,18,19-20-26,0-1-2-3-4-5-6-7-8-9-10-11-12-13-14-15-16-17-21-22,,,,,
5.85,,,,,,,,,,,,,,,,,25,18,19-20-26,0-1-2-3-4-5-6-7-8-9-10-11-12-13-14-15-16-17-21-22,,,,,
5.86,,,,,,,,,,,,,,,,,25,18,19-20-26,0-1-2-3-4-5-6-7-8-9-10-11-12-13-14-15-16-17-21-22,,,,,
5.87,,,,,,,,,,,,,,,,,25,18,19-20-26,0-1-2-3-4-5-6-7-8-9-10-11-12-13-14-15-16-17-21-22,,,,,
5.88,,,,,,,,,,,,,,,,,25,18,19-20-26,0-1-2-3-4-5-6-7-8-9-10-11-12-13-14-15-16-17-21-22,,,,,
5.89,,,,,,,,,,,,,,,,,25,18,19-20-26,0-1-2-3-4-5-6-7-8-9-10-11-12-13-14-15-16-17-21-22,,,,,
5.9,,,,,,,,,,,,,,,,,25,18,19-20-26,0-1-2-3-4-5-6-7-8-9-10-11-12-13-14-15-16-17-21-22,,,,,
5.91,,,,,,,,,,,,,,,,,25,18,19-20-26,0-1-2-3-4-5-6-7-8-9-10-11-12-13-14-15-16-17-21-22,,,,,
5.92,,,,,,,,,,,,,,,,,25,18,19-20-26,0-1-2-3-4-5-6-7-8-9-10-11-12-13-14-15-16-17-21-22,,,,,
5.93,,,,,,,,,,,,,,,,,25,18,19-20-26,0-1-2-3-4-5-6-7-8-9-10-11-12-13-14-15-16-17-21-22,,,,,
5.94,,,,,,,,,,,,,,,,,25,,18-19-20-26,0-1-2-3-4-5-6-7-8-9-10-11-12-13-14-15-16-17-21-22,,,,,
5.95,,,,,,,,,,,,,,,,,25,,18-19-20-26,0-1-2-3-4-5-6-7-8-9-10-11-12-13-14-15-16-17-21-22,,,,,
5.96,,,,,,,,,,,,,,,,,25,,18-19-20-26,0-1-2-3-4-5-6-7-8-9-10-11-12-13-14-15-16-17-21-22,,,,,
5.97,,,,,,,,,,,,,,,,,25,,18-19-20-26,0-1-2-3-4-5-6-7-8-9-10-11-12-13-14-15-16-17-21-22,,,,,
5.98,,,,,,,,,,,,,,,,,25,,18-19-20-26,0-1-2-3-4-5-6-7-8-9-10-11-12-13-14-15-16-17-21-22,,,,,
5.99,,,,,,,,,,,,,,,,,25,,18-19-20-26,0-1-2-3-4-5-6-7-8-9-10-11-12-13-14-15-16-17-21-22,,,,,
6.0,,,,,,,,,,,,,,,,,25,,18-19-20-26,0-1-2-3-4-5-6-7-8-9-10-11-12-13-14-15-16-17-21-22,,,,,
6.01,,,,,,,,,,,,,,,,,,25,18-19-20,0-1-2-3-4-5-6-7-8-9-10-11-12-13-14-15-16-17-21-22-26,,,,,
6.02,,,,,,,,,,,,,,,,,,25,18-19-20,0-1-2-3-4-5-6-7-8-9-10-11-12-13-14-15-16-17-21-22-26,,,,,
6.03,,,,,,,,,,,,,,,,,,25,18-19-20,0-1-2-3-4-5-6-7-8-9-10-11-12-13-14-15-16-17-21-22-26,,,,,
6.04,,,,,,,,,,,,,,,,,,25,18-19-20,0-1-2-3-4-5-6-7-8-9-10-11-12-13-14-15-16-17-21-22-26,,,,,
6.05,,,,,,,,,,,,,,,,,,25,18-19-20,0-1-2-3-4-5-6-7-8-9-10-11-12-13-14-15-16-17-21-22-26,,,,,
6.06,,,,,,,,,,,,,,,,,,25,18-19-20,0-1-2-3-4-5-6-7-8-9-10-11-12-13-14-15-16-17-21-22-26,,,,,
6.07,,,,,,,,,,,,,,,,,,25,18-19-20,0-1-2-3-4-5-6-7-8-9-10-11-12-13-14-15-16-17-21-22-26,,,,,
6.08,,,,,,,,,,,,,,,,,,25,18-19-20,0-1-2-3-4-5-6-7-8-9-10-11-12-13-14-15-16-17-21-22-26,,,,,
6.09,,,,,,,,,,,,,,,,,,25,18-19-20,0-1-2-3-4-5-6-7-8-9-10-11-12-13-14-15-16-17-21-22-26,,,,,
6.1,,,,,,,,,,,,,,,,,,25,18-19-20,0-1-2-3-4-5-6-7-8-9-10-11-12-13-14-15-16-17-21-22-26,,,,,
6.11,,,,,,,,,,,,,,,,,,25,18-20-27,0-1-2-3-4-5-6-7-8-9-10-11-12-13-14-15-16-17-19-21-22-26,,,,,
6.12,,,,,,,,,,,,,,,,,,25,18-20-27,0-1-2-3-4-5-6-7-8-9-10-11-12-13-14-15-16-17-19-21-22-26,,,,,
6.13,,,,,,,,,,,,,,,,,,25,18-20-27,0-1-2-3-4-5-6-7-8-9-10-11-12-13-14-15-16-17-19-21-22-26,,,,,
6.14,,,,,,,,,,,,,,,,,,25,18-20-27,0-1-2-3-4-5-6-7-8-9-10-11-12-13-14-15-16-17-19-21-22-26,,,,,
6.15,,,,,,,,,,,,,,,,,,25,18-20-27,0-1-2-3-4-5-6-7-8-9-10-11-12-13-14-15-16-17-19-21-22-26,,,,,
6.16,,,,,,,,,,,,,,,,,,25,18-20-27,0-1-2-3-4-5-6-7-8-9-10-11-12-13-14-15-16-17-19-21-22-26,,,,,
6.17,,,,,,,,,,,,,,,,,,25,18-27,0-1-2-3-4-5-6-7-8-9-10-11-12-13-14-15-16-17-19-20-21-22-26,,,,,
6.18,,,,,,,,,,,,,,,,,,25,18-27,0-1-2-3-4-5-6-7-8-9-10-11-12-13-14-15-16-17-19-20-21-22-26,,,,,
6.19,,,,,,,,,,,,,,,,,,25,18-27,0-1-2-3-4-5-6-7-8-9-10-11-12-13-14-15-16-17-19-20-21-22-26,,,,,
6.2,,,,,,,,,,,,,,,,,29,25,18-27,0-1-2-3-4-5-6-7-8-9-10-11-12-13-14-15-16-17-19-20-21-22-26,,,,,
6.21,,,,,,,,,,,,,,,,,29,25,18-27,0-1-2-3-4-5-6-7-8-9-10-11-12-13-14-15-16-17-19-20-21-22-26,,,,,
6.22,,,,,,,,,,,,,,,,,29,25,18-27,0-1-2-3-4-5-6-7-8-9-10-11-12-13-14-15-16-17-19-20-21-22-26,,,,,
6.23,,,,,,,,,,,,,,,,,29,25,18-27,0-1-2-3-4-5-6-7-8-9-10-11-12-13-14-15-16-17-19-20-21-22-26,,,,,
6.24,,,,,,,,,,,,,,,,,29,25,18-27,0-1-2-3-4-5-6-7-8-9-10-11-12-13-14-15-16-17-19-20-21-22-26,,,,,
6.25,,,,,,,,,,,,,,,,,29,25,18-27,0-1-2-3-4-5-6-7-8-9-10-11-12-13-14-15-16-17-19-20-21-22-26,,,,,
6.26,,,,,,,,,,,,,,,,,29,25,18-27,0-1-2-3-4-5-6-7-8-9-10-11-12-13-14-15-16-17-19-20-21-22-26,,,,,
6.27,,,,,,,,,,,,,,,,,29,25,18-27,0-1-2-3-4-5-6-7-8-9-10-11-12-13-14-15-16-17-19-20-21-22-26,,,,,
6.28,,,,,,,,,,,,,,,,,29,25,27,0-1-2-3-4-5-6-7-8-9-10-11-12-13-14-15-16-17-18-19-20-21-22-26,,,,,
6.29,,,,,,,,,,,,,,,,,29,25,27,0-1-2-3-4-5-6-7-8-9-10-11-12-13-14-15-16-17-18-19-20-21-22-26,,,,,
6.3,,,,,,,,,,,,,,,,,29,25,27,0-1-2-3-4-5-6-7-8-9-10-11-12-13-14-15-16-17-18-19-20-21-22-26,,,,,
6.31,,,,,,,,,,,,,,,,,29,25,27,0-1-2-3-4-5-6-7-8-9-10-11-12-13-14-15-16-17-18-19-20-21-22-26,,,,,
6.32,,,,,,,,,,,,,,,,,29,,25-27,0-1-2-3-4-5-6-7-8-9-10-11-12-13-14-15-16-17-18-19-20-21-22-26,,,,,
6.33,,,,,,,,,,,,,,,,,29,,25-27,0-1-2-3-4-5-6-7-8-9-10-11-12-13-14-15-16-17-18-19-20-21-22-26,,,,,
6.34,,,,,,,,,,,,,,,,,29,,25-27,0-1-2-3-4-5-6-7-8-9-10-11-12-13-14-15-16-17-18-19-20-21-22-26,,,,,
6.35,,,,,,,,,,,,,,,,,29,,25-27,0-1-2-3-4-5-6-7-8-9-10-11-12-13-14-15-16-17-18-19-20-21-22-26,,,,,
6.36,,,,,,,,,,,,,,,,,29,,25-27,0-1-2-3-4-5-6-7-8-9-10-11-12-13-14-15-16-17-18-19-20-21-22-26,,,,,
6.37,,,,,,,,,,,,,,,,,29,,25-27,0-1-2-3-4-5-6-7-8-9-10-11-12-13-14-15-16-17-18-19-20-21-22-26,,,,,
6.38,,,,,,,,,,,,,,,,,29,,25-27,0-1-2-3-4-5-6-7-8-9-10-11-12-13-14-15-16-17-18-19-20-21-22-26,,,,,
6.39,,,,,,,,,,,,,,,,,29,,25-27,0-1-2-3-4-5-6-7-8-9-10-11-12-13-14-15-16-17-18-19-20-21-22-26,,,,,
6.4,,,,,,,,,,,,,,,,,29,,25-27,0-1-2-3-4-5-6-7-8-9-10-11-12-13-14-15-16-17-18-19-20-21-22-26,,,,,
6.41,,,,,,,,,,,,,,,,,29,,25-27,0-1-2-3-4-5-6-7-8-9-10-11-12-13-14-15-16-17-18-19-20-21-22-26,,,,,
6.42,,,,,,,,,,,,,,,,,29,,25-27,0-1-2-3-4-5-6-7-8-9-10-11-12-13-14-15-16-17-18-19-20-21-22-26,,,,,
6.43,,,,,,,,,,,,,,,,,29,,25-27,0-1-2-3-4-5-6-7-8-9-10-11-12-13-14-15-16-17-18-19-20-21-22-26,,,,,
6.44,,,,,,,,,,,,,,,,,29,,25-27,0-1-2-3-4-5-6-7-8-9-10-11-12-13-14-15-16-17-18-19-20-21-22-26,,,,,
6.45,,,,,,,,,,,,,,,,,29,,25,0-1-2-3-4-5-6-7-8-9-10-11-12-13-14-15-16-17-18-19-20-21-22-26-27,,,,,
6.46,,,,,,,,,,,,,,,,,29,,25,0-1-2-3-4-5-6-7-8-9-10-11-12-13-14-15-16-17-18-19-20-21-22-26-27,,,,,
6.47,,,,,,,,,,,,,,,,,29,,25,0-1-2-3-4-5-6-7-8-9-10-11-12-13-14-15-16-17-18-19-20-21-22-26-27,,,,,
6.48,,,,,,,,,,,,,,,,,29,,25,0-1-2-3-4-5-6-7-8-9-10-11-12-13-14-15-16-17-18-19-20-21-22-26-27,,,,,
6.49,,,,,,,,,,,,,,,,,29,,25,0-1-2-3-4-5-6-7-8-9-10-11-12-13-14-15-16-17-18-19-20-21-22-26-27,,,,,
6.5,,,,,,,,,,,,,,,,,29,,25,0-1-2-3-4-5-6-7-8-9-10-11-12-13-14-15-16-17-18-19-20-21-22-26-27,,,,,
6.51,,,,,,,,,,,,,,,,,29,,25,0-1-2-3-4-5-6-7-8-9-10-11-12-13-14-15-16-17-18-19-20-21-22-26-27,,,,,
6.52,,,,,,,,,,,,,,,,,29,,25,0-1-2-3-4-5-6-7-8-9-10-11-12-13-14-15-16-17-18-19-20-21-22-26-27,,,,,
6.53,,,,,,,,,,,,,,,,,29,,25,0-1-2-3-4-5-6-7-8-9-10-11-12-13-14-15-16-17-18-19-20-21-22-24-26-27,,,,,
6.54,,,,,,,,,,,,,,,,,29,,25,0-1-2-3-4-5-6-7-8-9-10-11-12-13-14-15-16-17-18-19-20-21-22-24-26-27,,,,,
6.55,,,,,,,,,,,,,,,,,29,,25,0-1-2-3-4-5-6-7-8-9-10-11-12-13-14-15-16-17-18-19-20-21-22-24-26-27,,,,,
6.56,,,,,,,,,,,,,,,,,29,,25,0-1-2-3-4-5-6-7-8-9-10-11-12-13-14-15-16-17-18-19-20-21-22-24-26-27,,,,,
6.57,,,,,,,,,,,,,,,,,29,,25,0-1-2-3-4-5-6-7-8-9-10-11-12-13-14-15-16-17-18-19-20-21-22-24-26-27,,,,,
6.58,,,,,,,,,,,,,,,,,29,,25,0-1-2-3-4-5-6-7-8-9-10-11-12-13-14-15-16-17-18-19-20-21-22-24-26-27,,,,,
6.59,,,,,,,,,,,,,,,,,29,,25,0-1-2-3-4-5-6-7-8-9-10-11-12-13-14-15-16-17-18-19-20-21-22-24-26-27,,,,,
6.6,,,,,,,,,,,,,,,,,29,,25,0-1-2-3-4-5-6-7-8-9-10-11-12-13-14-15-16-17-18-19-20-21-22-24-26-27,,,,,
6.61,,,,,,,,,,,,,,,,,29,,25,0-1-2-3-4-5-6-7-8-9-10-11-12-13-14-15-16-17-18-19-20-21-22-24-26-27,,,,,
6.62,,,,,,,,,,,,,,,,,29,,25,0-1-2-3-4-5-6-7-8-9-10-11-12-13-14-15-16-17-18-19-20-21-22-24-26-27,,,,,
6.63,,,,,,,,,,,,,,,,,29,,25,0-1-2-3-4-5-6-7-8-9-10-11-12-13-14-15-16-17-18-19-20-21-22-24-26-27,,,,,
6.64,,,,,,,,,,,,,,,,,29,,25,0-1-2-3-4-5-6-7-8-9-10-11-12-13-14-15-16-17-18-19-20-21-22-24-26-27,,,,,
6.65,,,,,,,,,,,,,,,,,29,,25,0-1-2-3-4-5-6-7-8-9-10-11-12-13-14-15-16-17-18-19-20-21-22-24-26-27,,,,,
6.66,,,,,,,,,,,,,,,,,29,,,0-1-2-3-4-5-6-7-8-9-10-11-12-13-14-15-16-17-18-19-20-21-22-24-25-26-27,,,,,
6.67,,,,,,,,,,,,,,,,,29,,,0-1-2-3-4-5-6-7-8-9-10-11-12-13-14-15-16-17-18-19-20-21-22-24-25-26-27,,,,,
6.68,,,,,,,,,,,,,,,,,29,,,0-1-2-3-4-5-6-7-8-9-10-11-12-13-14-15-16-17-18-19-20-21-22-24-25-26-27,,,,,
6.69,,,,,,,,,,,,,,,,,29,,,0-1-2-3-4-5-6-7-8-9-10-11-12-13-14-15-16-17-18-19-20-21-22-24-25-26-27,,,,,
6.7,,,,,,,,,,,,,,,,,,,,0-1-2-3-4-5-6-7-8-9-10-11-12-13-14-15-16-17-18-19-20-21-22-24-25-26-27,,,,,
6.71,,,,,,,,,,,,,,,,,,,,0-1-2-3-4-5-6-7-8-9-10-11-12-13-14-15-16-17-18-19-20-21-22-24-25-26-27,,,,,
6.72,,,,,,,,,,,,,,,,,,,,0-1-2-3-4-5-6-7-8-9-10-11-12-13-14-15-16-17-18-19-20-21-22-24-25-26-27,,,,,
6.73,,,,,,,,,,,,,,,,,,,23,0-1-2-3-4-5-6-7-8-9-10-11-12-13-14-15-16-17-18-19-20-21-22-24-25-26-27,,,,,
6.74,,,,,,,,,,,,,,,,,,,23,0-1-2-3-4-5-6-7-8-9-10-11-12-13-14-15-16-17-18-19-20-21-22-24-25-26-27,,,,,
6.75,,,,,,,,,,,,,,,,,,,23,0-1-2-3-4-5-6-7-8-9-10-11-12-13-14-15-16-17-18-19-20-21-22-24-25-26-27,,,,,
6.76,,,,,,,,,,,,,,,,,,,23,0-1-2-3-4-5-6-7-8-9-10-11-12-13-14-15-16-17-18-19-20-21-22-24-25-26-27,,,,,
6.77,,,,,,,,,,,,,,,,,,,23,0-1-2-3-4-5-6-7-8-9-10-11-12-13-14-15-16-17-18-19-20-21-22-24-25-26-27,,,,,
6.78,,,,,,,,,,,,,,,,,,,23,0-1-2-3-4-5-6-7-8-9-10-11-12-13-14-15-16-17-18-19-20-21-22-24-25-26-27,,,,,
6.79,,,,,,,,,,,,,,,,,,,23,0-1-2-3-4-5-6-7-8-9-10-11-12-13-14-15-16-17-18-19-20-21-22-24-25-26-27,,,,,
6.8,,,,,,,,,,,,,,,,,,,23,0-1-2-3-4-5-6-7-8-9-10-11-12-13-14-15-16-17-18-19-20-21-22-24-25-26-27,,,,,
6.81,,,,,,,,,,,,,,,,,,,23,0-1-2-3-4-5-6-7-8-9-10-11-12-13-14-15-16-17-18-19-20-21-22-24-25-26-27,,,,,
6.82,,,,,,,,,,,,,,,,,,,23,0-1-2-3-4-5-6-7-8-9-10-11-12-13-14-15-16-17-18-19-20-21-22-24-25-26-27,,,,,
6.83,,,,,,,,,,,,,,,,,,28,23,0-1-2-3-4-5-6-7-8-9-10-11-12-13-14-15-16-17-18-19-20-21-22-24-25-26-27,,,,,
6.84,,,,,,,,,,,,,,,,,,28,23,0-1-2-3-4-5-6-7-8-9-10-11-12-13-14-15-16-17-18-19-20-21-22-24-25-26-27,,,,,
6.85,,,,,,,,,,,,,,,,,,28,23,0-1-2-3-4-5-6-7-8-9-10-11-12-13-14-15-16-17-18-19-20-21-22-24-25-26-27,,,,,
6.86,,,,,,,,,,,,,,,,,,28,23,0-1-2-3-4-5-6-7-8-9-10-11-12-13-14-15-16-17-18-19-20-21-22-24-25-26-27,,,,,
6.87,,,,,,,,,,,,,,,,,,28,23,0-1-2-3-4-5-6-7-8-9-10-11-12-13-14-15-16-17-18-19-20-21-22-24-25-26-27,,,,,
6.88,,,,,,,,,,,,,,,,,,28,23,0-1-2-3-4-5-6-7-8-9-10-11-12-13-14-15-16-17-18-19-20-21-22-24-25-26-27,,,,,
6.89,,,,,,,,,,,,,,,,,,28,23,0-1-2-3-4-5-6-7-8-9-10-11-12-13-14-15-16-17-18-19-20-21-22-24-25-26-27,,,,,
6.9,,,,,,,,,,,,,,,,,,28,23,0-1-2-3-4-5-6-7-8-9-10-11-12-13-14-15-16-17-18-19-20-21-22-24-25-26-27,,,,,
6.91,,,,,,,,,,,,,,,,,,28,23,0-1-2-3-4-5-6-7-8-9-10-11-12-13-14-15-16-17-18-19-20-21-22-24-25-26-27,,,,,
6.92,,,,,,,,,,,,,,,,,,28,23,0-1-2-3-4-5-6-7-8-9-10-11-12-13-14-15-16-17-18-19-20-21-22-24-25-26-27,,,,,
6.93,,,,,,,,,,,,,,,,,,28,23,0-1-2-3-4-5-6-7-8-9-10-11-12-13-14-15-16-17-18-19-20-21-22-24-25-26-27,,,,,
6.94,,,,,,,,,,,,,,,,,,28,23,0-1-2-3-4-5-6-7-8-9-10-11-12-13-14-15-16-17-18-19-20-21-22-24-25-26-27,,,,,
6.95,,,,,,,,,,,,,,,,,,28,23,0-1-2-3-4-5-6-7-8-9-10-11-12-13-14-15-16-17-18-19-20-21-22-24-25-26-27,,,,,
6.96,,,,,,,,,,,,,,,,,,28,23,0-1-2-3-4-5-6-7-8-9-10-11-12-13-14-15-16-17-18-19-20-21-22-24-25-26-27,,,,,
6.97,,,,,,,,,,,,,,,,,,28,23,0-1-2-3-4-5-6-7-8-9-10-11-12-13-14-15-16-17-18-19-20-21-22-24-25-26-27,,,,,
6.98,,,,,,,,,,,,,,,,,,28,23,0-1-2-3-4-5-6-7-8-9-10-11-12-13-14-15-16-17-18-19-20-21-22-24-25-26-27,,,,,
6.99,,,,,,,,,,,,,,,,,,28,23,0-1-2-3-4-5-6-7-8-9-10-11-12-13-14-15-16-17-18-19-20-21-22-24-25-26-27,,,,,
7.0,,,,,,,,,,,,,,,,,,28,23,0-1-2-3-4-5-6-7-8-9-10-11-12-13-14-15-16-17-18-19-20-21-22-24-25-26-27,,,,,
7.01,,,,,,,,,,,,,,,,,,28-29,23,0-1-2-3-4-5-6-7-8-9-10-11-12-13-14-15-16-17-18-19-20-21-22-24-25-26-27,,,,,
7.02,,,,,,,,,,,,,,,,,,28-29,23,0-1-2-3-4-5-6-7-8-9-10-11-12-13-14-15-16-17-18-19-20-21-22-24-25-26-27,,,,,
7.03,,,,,,,,,,,,,,,,,,28-29,23,0-1-2-3-4-5-6-7-8-9-10-11-12-13-14-15-16-17-18-19-20-21-22-24-25-26-27,,,,,
7.04,,,,,,,,,,,,,,,,,,28-29,23,0-1-2-3-4-5-6-7-8-9-10-11-12-13-14-15-16-17-18-19-20-21-22-24-25-26-27,,,,,
7.05,,,,,,,,,,,,,,,,,,28-29,23,0-1-2-3-4-5-6-7-8-9-10-11-12-13-14-15-16-17-18-19-20-21-22-24-25-26-27,,,,,
7.06,,,,,,,,,,,,,,,,,,28-29,23,0-1-2-3-4-5-6-7-8-9-10-11-12-13-14-15-16-17-18-19-20-21-22-24-25-26-27,,,,,
7.07,,,,,,,,,,,,,,,,,,28-29,,0-1-2-3-4-5-6-7-8-9-10-11-12-13-14-15-16-17-18-19-20-21-22-23-24-25-26-27,,,,,
7.08,,,,,,,,,,,,,,,,,,28-29,,0-1-2-3-4-5-6-7-8-9-10-11-12-13-14-15-16-17-18-19-20-21-22-23-24-25-26-27,,,,,
7.09,,,,,,,,,,,,,,,,,,28-29,,0-1-2-3-4-5-6-7-8-9-10-11-12-13-14-15-16-17-18-19-20-21-22-23-24-25-26-27,,,,,
7.1,,,,,,,,,,,,,,,,,,28-29,,0-1-2-3-4-5-6-7-8-9-10-11-12-13-14-15-16-17-18-19-20-21-22-23-24-25-26-27,,,,,
7.11,,,,,,,,,,,,,,,,,,28-29,,0-1-2-3-4-5-6-7-8-9-10-11-12-13-14-15-16-17-18-19-20-21-22-23-24-25-26-27,,,,,
7.12,,,,,,,,,,,,,,,,,,28-29,,0-1-2-3-4-5-6-7-8-9-10-11-12-13-14-15-16-17-18-19-20-21-22-23-24-25-26-27,,,,,
7.13,,,,,,,,,,,,,,,,,,28-29,,0-1-2-3-4-5-6-7-8-9-10-11-12-13-14-15-16-17-18-19-20-21-22-23-24-25-26-27,,,,,
7.14,,,,,,,,,,,,,,,,,,29,28,0-1-2-3-4-5-6-7-8-9-10-11-12-13-14-15-16-17-18-19-20-21-22-23-24-25-26-27,,,,,
7.15,,,,,,,,,,,,,,,,,,29,28,0-1-2-3-4-5-6-7-8-9-10-11-12-13-14-15-16-17-18-19-20-21-22-23-24-25-26-27,,,,,
7.16,,,,,,,,,,,,,,,,,,29,28,0-1-2-3-4-5-6-7-8-9-10-11-12-13-14-15-16-17-18-19-20-21-22-23-24-25-26-27,,,,,
7.17,,,,,,,,,,,,,,,,,,29,28,0-1-2-3-4-5-6-7-8-9-10-11-12-13-14-15-16-17-18-19-20-21-22-23-24-25-26-27,,,,,
7.18,,,,,,,,,,,,,,,,,,29,28,0-1-2-3-4-5-6-7-8-9-10-11-12-13-14-15-16-17-18-19-20-21-22-23-24-25-26-27,,,,,
7.19,,,,,,,,,,,,,,,,,,29,28,0-1-2-3-4-5-6-7-8-9-10-11-12-13-14-15-16-17-18-19-20-21-22-23-24-25-26-27,,,,,
7.2,,,,,,,,,,,,,,,,,,29,28,0-1-2-3-4-5-6-7-8-9-10-11-12-13-14-15-16-17-18-19-20-21-22-23-24-25-26-27,,,,,
7.21,,,,,,,,,,,,,,,,,,29,28,0-1-2-3-4-5-6-7-8-9-10-11-12-13-14-15-16-17-18-19-20-21-22-23-24-25-26-27,,,,,
7.22,,,,,,,,,,,,,,,,,,29,28,0-1-2-3-4-5-6-7-8-9-10-11-12-13-14-15-16-17-18-19-20-21-22-23-24-25-26-27,,,,,
7.23,,,,,,,,,,,,,,,,,,29,28,0-1-2-3-4-5-6-7-8-9-10-11-12-13-14-15-16-17-18-19-20-21-22-23-24-25-26-27,,,,,
7.24,,,,,,,,,,,,,,,,,,29,28,0-1-2-3-4-5-6-7-8-9-10-11-12-13-14-15-16-17-18-19-20-21-22-23-24-25-26-27,,,,,
7.25,,,,,,,,,,,,,,,,,,29,28,0-1-2-3-4-5-6-7-8-9-10-11-12-13-14-15-16-17-18-19-20-21-22-23-24-25-26-27,,,,,
7.26,,,,,,,,,,,,,,,,,,29,28,0-1-2-3-4-5-6-7-8-9-10-11-12-13-14-15-16-17-18-19-20-21-22-23-24-25-26-27,,,,,
7.27,,,,,,,,,,,,,,,,,,29,28,0-1-2-3-4-5-6-7-8-9-10-11-12-13-14-15-16-17-18-19-20-21-22-23-24-25-26-27,,,,,
7.28,,,,,,,,,,,,,,,,,,29,28,0-1-2-3-4-5-6-7-8-9-10-11-12-13-14-15-16-17-18-19-20-21-22-23-24-25-26-27,,,,,
7.29,,,,,,,,,,,,,,,,,,29,28,0-1-2-3-4-5-6-7-8-9-10-11-12-13-14-15-16-17-18-19-20-21-22-23-24-25-26-27,,,,,
7.3,,,,,,,,,,,,,,,,,,29,28,0-1-2-3-4-5-6-7-8-9-10-11-12-13-14-15-16-17-18-19-20-21-22-23-24-25-26-27,,,,,
7.31,,,,,,,,,,,,,,,,,,29,28,0-1-2-3-4-5-6-7-8-9-10-11-12-13-14-15-16-17-18-19-20-21-22-23-24-25-26-27,,,,,
7.32,,,,,,,,,,,,,,,,,,,28-29,0-1-2-3-4-5-6-7-8-9-10-11-12-13-14-15-16-17-18-19-20-21-22-23-24-25-26-27,,,,,
7.33,,,,,,,,,,,,,,,,,,,28-29,0-1-2-3-4-5-6-7-8-9-10-11-12-13-14-15-16-17-18-19-20-21-22-23-24-25-26-27,,,,,
7.34,,,,,,,,,,,,,,,,,,,28-29,0-1-2-3-4-5-6-7-8-9-10-11-12-13-14-15-16-17-18-19-20-21-22-23-24-25-26-27,,,,,
7.35,,,,,,,,,,,,,,,,,,,28-29,0-1-2-3-4-5-6-7-8-9-10-11-12-13-14-15-16-17-18-19-20-21-22-23-24-25-26-27,,,,,
7.36,,,,,,,,,,,,,,,,,,,28-29,0-1-2-3-4-5-6-7-8-9-10-11-12-13-14-15-16-17-18-19-20-21-22-23-24-25-26-27,,,,,
7.37,,,,,,,,,,,,,,,,,,,28-29,0-1-2-3-4-5-6-7-8-9-10-11-12-13-14-15-16-17-18-19-20-21-22-23-24-25-26-27,,,,,
7.38,,,,,,,,,,,,,,,,,,,28-29,0-1-2-3-4-5-6-7-8-9-10-11-12-13-14-15-16-17-18-19-20-21-22-23-24-25-26-27,,,,,
7.39,,,,,,,,,,,,,,,,,,,28-29,0-1-2-3-4-5-6-7-8-9-10-11-12-13-14-15-16-17-18-19-20-21-22-23-24-25-26-27,,,,,
7.4,,,,,,,,,,,,,,,,,,,28-29,0-1-2-3-4-5-6-7-8-9-10-11-12-13-14-15-16-17-18-19-20-21-22-23-24-25-26-27,,,,,
7.41,,,,,,,,,,,,,,,,,,,28-29,0-1-2-3-4-5-6-7-8-9-10-11-12-13-14-15-16-17-18-19-20-21-22-23-24-25-26-27,,,,,
7.42,,,,,,,,,,,,,,,,,,,28-29,0-1-2-3-4-5-6-7-8-9-10-11-12-13-14-15-16-17-18-19-20-21-22-23-24-25-26-27,,,,,
7.43,,,,,,,,,,,,,,,,,,,28-29,0-1-2-3-4-5-6-7-8-9-10-11-12-13-14-15-16-17-18-19-20-21-22-23-24-25-26-27,,,,,
7.44,,,,,,,,,,,,,,,,,,,28-29,0-1-2-3-4-5-6-7-8-9-10-11-12-13-14-15-16-17-18-19-20-21-22-23-24-25-26-27,,,,,
7.45,,,,,,,,,,,,,,,,,,,28-29,0-1-2-3-4-5-6-7-8-9-10-11-12-13-14-15-16-17-18-19-20-21-22-23-24-25-26-27,,,,,
7.46,,,,,,,,,,,,,,,,,,,28-29,0-1-2-3-4-5-6-7-8-9-10-11-12-13-14-15-16-17-18-19-20-21-22-23-24-25-26-27,,,,,
7.47,,,,,,,,,,,,,,,,,,,28-29,0-1-2-3-4-5-6-7-8-9-10-11-12-13-14-15-16-17-18-19-20-21-22-23-24-25-26-27,,,,,
7.48,,,,,,,,,,,,,,,,,,,29,0-1-2-3-4-5-6-7-8-9-10-11-12-13-14-15-16-17-18-19-20-21-22-23-24-25-26-27-28,,,,,
7.49,,,,,,,,,,,,,,,,,,,29,0-1-2-3-4-5-6-7-8-9-10-11-12-13-14-15-16-17-18-19-20-21-22-23-24-25-26-27-28,,,,,
7.5,,,,,,,,,,,,,,,,,,,29,0-1-2-3-4-5-6-7-8-9-10-11-12-13-14-15-16-17-18-19-20-21-22-23-24-25-26-27-28,,,,,
7.51,,,,,,,,,,,,,,,,,,,29,0-1-2-3-4-5-6-7-8-9-10-11-12-13-14-15-16-17-18-19-20-21-22-23-24-25-26-27-28,,,,,
7.52,,,,,,,,,,,,,,,,,,,29,0-1-2-3-4-5-6-7-8-9-10-11-12-13-14-15-16-17-18-19-20-21-22-23-24-25-26-27-28,,,,,
7.53,,,,,,,,,,,,,,,,,,,29,0-1-2-3-4-5-6-7-8-9-10-11-12-13-14-15-16-17-18-19-20-21-22-23-24-25-26-27-28,,,,,
7.54,,,,,,,,,,,,,,,,,,,29,0-1-2-3-4-5-6-7-8-9-10-11-12-13-14-15-16-17-18-19-20-21-22-23-24-25-26-27-28,,,,,
7.55,,,,,,,,,,,,,,,,,,,29,0-1-2-3-4-5-6-7-8-9-10-11-12-13-14-15-16-17-18-19-20-21-22-23-24-25-26-27-28,,,,,
7.56,,,,,,,,,,,,,,,,,,,29,0-1-2-3-4-5-6-7-8-9-10-11-12-13-14-15-16-17-18-19-20-21-22-23-24-25-26-27-28,,,,,
7.57,,,,,,,,,,,,,,,,,,,29,0-1-2-3-4-5-6-7-8-9-10-11-12-13-14-15-16-17-18-19-20-21-22-23-24-25-26-27-28,,,,,
7.58,,,,,,,,,,,,,,,,,,,29,0-1-2-3-4-5-6-7-8-9-10-11-12-13-14-15-16-17-18-19-20-21-22-23-24-25-26-27-28,,,,,
7.59,,,,,,,,,,,,,,,,,,,29,0-1-2-3-4-5-6-7-8-9-10-11-12-13-14-15-16-17-18-19-20-21-22-23-24-25-26-27-28,,,,,
7.6,,,,,,,,,,,,,,,,,,,29,0-1-2-3-4-5-6-7-8-9-10-11-12-13-14-15-16-17-18-19-20-21-22-23-24-25-26-27-28,,,,,
7.61,,,,,,,,,,,,,,,,,,,29,0-1-2-3-4-5-6-7-8-9-10-11-12-13-14-15-16-17-18-19-20-21-22-23-24-25-26-27-28,,,,,
7.62,,,,,,,,,,,,,,,,,,,29,0-1-2-3-4-5-6-7-8-9-10-11-12-13-14-15-16-17-18-19-20-21-22-23-24-25-26-27-28,,,,,
7.63,,,,,,,,,,,,,,,,,,,29,0-1-2-3-4-5-6-7-8-9-10-11-12-13-14-15-16-17-18-19-20-21-22-23-24-25-26-27-28,,,,,
7.64,,,,,,,,,,,,,,,,,,,29,0-1-2-3-4-5-6-7-8-9-10-11-12-13-14-15-16-17-18-19-20-21-22-23-24-25-26-27-28,,,,,
7.65,,,,,,,,,,,,,,,,,,,29,0-1-2-3-4-5-6-7-8-9-10-11-12-13-14-15-16-17-18-19-20-21-22-23-24-25-26-27-28,,,,,
7.66,,,,,,,,,,,,,,,,,,,,0-1-2-3-4-5-6-7-8-9-10-11-12-13-14-15-16-17-18-19-20-21-22-23-24-25-26-27-28-29,,,,,
7.67,,,,,,,,,,,,,,,,,,,,0-1-2-3-4-5-6-7-8-9-10-11-12-13-14-15-16-17-18-19-20-21-22-23-24-25-26-27-28-29,,,,,
7.68,,,,,,,,,,,,,,,,,,,,0-1-2-3-4-5-6-7-8-9-10-11-12-13-14-15-16-17-18-19-20-21-22-23-24-25-26-27-28-29,,,,,
7.69,,,,,,,,,,,,,,,,,,,,0-1-2-3-4-5-6-7-8-9-10-11-12-13-14-15-16-17-18-19-20-21-22-23-24-25-26-27-28-29,,,,,
7.7,,,,,,,,,,,,,,,,,,,,0-1-2-3-4-5-6-7-8-9-10-11-12-13-14-15-16-17-18-19-20-21-22-23-24-25-26-27-28-29,,,,,
7.71,,,,,,,,,,,,,,,,,,,,0-1-2-3-4-5-6-7-8-9-10-11-12-13-14-15-16-17-18-19-20-21-22-23-24-25-26-27-28-29,,,,,
7.72,,,,,,,,,,,,,,,,,,,,0-1-2-3-4-5-6-7-8-9-10-11-12-13-14-15-16-17-18-19-20-21-22-23-24-25-26-27-28-29,,,,,
7.73,,,,,,,,,,,,,,,,,,,,0-1-2-3-4-5-6-7-8-9-10-11-12-13-14-15-16-17-18-19-20-21-22-23-24-25-26-27-28-29,,,,,
7.74,,,,,,,,,,,,,,,,,,,,0-1-2-3-4-5-6-7-8-9-10-11-12-13-14-15-16-17-18-19-20-21-22-23-24-25-26-27-28-29,,,,,
7.75,,,,,,,,,,,,,,,,,,,,0-1-2-3-4-5-6-7-8-9-10-11-12-13-14-15-16-17-18-19-20-21-22-23-24-25-26-27-28-29,,,,,
7.76,,,,,,,,,,,,,,,,,,,,0-1-2-3-4-5-6-7-8-9-10-11-12-13-14-15-16-17-18-19-20-21-22-23-24-25-26-27-28-29,,,,,
7.77,,,,,,,,,,,,,,,,,,,,0-1-2-3-4-5-6-7-8-9-10-11-12-13-14-15-16-17-18-19-20-21-22-23-24-25-26-27-28-29,,,,,
7.78,,,,,,,,,,,,,,,,,,,,0-1-2-3-4-5-6-7-8-9-10-11-12-13-14-15-16-17-18-19-20-21-22-23-24-25-26-27-28-29,,,,,
7.79,,,,,,,,,,,,,,,,,,,,0-1-2-3-4-5-6-7-8-9-10-11-12-13-14-15-16-17-18-19-20-21-22-23-24-25-26-27-28-29,,,,,
7.8,,,,,,,,,,,,,,,,,,,,0-1-2-3-4-5-6-7-8-9-10-11-12-13-14-15-16-17-18-19-20-21-22-23-24-25-26-27-28-29,,,,,
7.81,,,,,,,,,,,,,,,,,,,,0-1-2-3-4-5-6-7-8-9-10-11-12-13-14-15-16-17-18-19-20-21-22-23-24-25-26-27-28-29,,,,,
7.82,,,,,,,,,,,,,,,,,,,,0-1-2-3-4-5-6-7-8-9-10-11-12-13-14-15-16-17-18-19-20-21-22-23-24-25-26-27-28-29,,,,,
7.83,,,,,,,,,,,,,,,,,,,,0-1-2-3-4-5-6-7-8-9-10-11-12-13-14-15-16-17-18-19-20-21-22-23-24-25-26-27-28-29,,,,,
7.84,,,,,,,,,,,,,,,,,,,,0-1-2-3-4-5-6-7-8-9-10-11-12-13-14-15-16-17-18-19-20-21-22-23-24-25-26-27-28-29,,,,,
7.85,,,,,,,,,,,,,,,,,,,,0-1-2-3-4-5-6-7-8-9-10-11-12-13-14-15-16-17-18-19-20-21-22-23-24-25-26-27-28-29,,,,,
7.86,,,,,,,,,,,,,,,,,,,,0-1-2-3-4-5-6-7-8-9-10-11-12-13-14-15-16-17-18-19-20-21-22-23-24-25-26-27-28-29,,,,,
7.87,,,,,,,,,,,,,,,,,,,,0-1-2-3-4-5-6-7-8-9-10-11-12-13-14-15-16-17-18-19-20-21-22-23-24-25-26-27-28-29,,,,,
7.88,,,,,,,,,,,,,,,,,,,,0-1-2-3-4-5-6-7-8-9-10-11-12-13-14-15-16-17-18-19-20-21-22-23-24-25-26-27-28-29,,,,,
7.89,,,,,,,,,,,,,,,,,,,,0-1-2-3-4-5-6-7-8-9-10-11-12-13-14-15-16-17-18-19-20-21-22-23-24-25-26-27-28-29,,,,,
7.9,,,,,,,,,,,,,,,,,,,,0-1-2-3-4-5-6-7-8-9-10-11-12-13-14-15-16-17-18-19-20-21-22-23-24-25-26-27-28-29,,,,,
7.91,,,,,,,,,,,,,,,,,,,,0-1-2-3-4-5-6-7-8-9-10-11-12-13-14-15-16-17-18-19-20-21-22-23-24-25-26-27-28-29,,,,,
7.92,,,,,,,,,,,,,,,,,,,,0-1-2-3-4-5-6-7-8-9-10-11-12-13-14-15-16-17-18-19-20-21-22-23-24-25-26-27-28-29,,,,,
7.93,,,,,,,,,,,,,,,,,,,,0-1-2-3-4-5-6-7-8-9-10-11-12-13-14-15-16-17-18-19-20-21-22-23-24-25-26-27-28-29,,,,,
7.94,,,,,,,,,,,,,,,,,,,,0-1-2-3-4-5-6-7-8-9-10-11-12-13-14-15-16-17-18-19-20-21-22-23-24-25-26-27-28-29,,,,,
7.95,,,,,,,,,,,,,,,,,,,,0-1-2-3-4-5-6-7-8-9-10-11-12-13-14-15-16-17-18-19-20-21-22-23-24-25-26-27-28-29,,,,,
7.96,,,,,,,,,,,,,,,,,,,,0-1-2-3-4-5-6-7-8-9-10-11-12-13-14-15-16-17-18-19-20-21-22-23-24-25-26-27-28-29,,,,,
7.97,,,,,,,,,,,,,,,,,,,,0-1-2-3-4-5-6-7-8-9-10-11-12-13-14-15-16-17-18-19-20-21-22-23-24-25-26-27-28-29,,,,,
